day,hour,time,time_h,open,open_h,setup,aosetup,telsetup,offsets,wfs,mode,magnitude
20170919,02:38:01,1565,0.434722222222,918,0.255,647,248,399,0,FLAO,FLAOAO,8.64999961853
20170919,03:55:51,11839,3.28861111111,11357,3.15472222222,481,285,195,0,FLAO,FLAOAO,8.64999961853
20170920,02:26:25,3408,0.946666666667,2932,0.814444444444,476,315,161,0,FLAO,FLAOAO,8.64999961853
20170920,04:09:33,569,0.158055555556,219,0.0608333333333,350,280,70,0,FLAO,FLAOAO,8.64999961853
20170920,04:19:08,850,0.236111111111,470,0.130555555556,379,254,125,0,FLAO,FLAOAO,8.64999961853
20170920,04:33:22,1894,0.526111111111,1527,0.424166666667,366,275,90,0,FLAO,FLAOAO,8.64999961853
20170920,06:32:12,4165,1.15694444444,3057,0.849166666667,713,346,367,394,FLAO,FLAOAO,12.1000003815
20170920,11:57:56,887,0.246388888889,370,0.102777777778,499,244,254,18,FLAO,FLAOAO,8.82999992371
20170921,05:03:28,2046,0.568333333333,1116,0.31,929,776,153,0,FLAO,FLAOAO,15.5
20170921,05:42:03,2888,0.802222222222,2250,0.625,236,201,35,401,FLAO,FLAOAO,13.8999996185
20170921,06:33:39,1295,0.359722222222,957,0.265833333333,318,253,65,19,FLAO,FLAOAO,12.1000003815
20170921,06:55:20,1609,0.446944444444,1023,0.284166666667,471,289,182,114,FLAO,FLAOAO,12.1000003815
20170921,07:49:07,1468,0.407777777778,1133,0.314722222222,334,280,54,0,FLAO,FLAOAO,12.0
20170922,03:38:07,2372,0.658888888889,1630,0.452777777778,603,372,231,138,FLAO,FLAOAO,10.5699996948
20170922,04:55:27,2527,0.701944444444,775,0.215277777778,1732,303,1429,19,FLAO,FLAOAO,10.5699996948
20170922,05:37:43,1394,0.387222222222,596,0.165555555556,715,289,426,82,FLAO,FLAOAO,5.80999994278
20170924,02:28:00,702,0.195,34,0.00944444444444,667,330,337,0,FLAO,FLAOAO,8.64999961853
20170924,04:00:08,2450,0.680555555556,1488,0.413333333333,962,282,680,0,FLAO,FLAOAO,8.64999961853
20170924,04:41:04,8128,2.25777777778,7478,2.07722222222,649,233,416,0,FLAO,FLAOAO,10.6999998093
20170924,06:56:38,1534,0.426111111111,740,0.205555555556,794,189,604,0,FLAO,FLAOAO,10.3000001907
20170924,07:32:10,3974,1.10388888889,2877,0.799166666667,1065,438,627,31,FLAO,FLAOAO,8.56999969482
20170924,08:38:33,3172,0.881111111111,1859,0.516388888889,502,238,263,810,FLAO,FLAOAO,10.5699996948
20170924,09:31:31,678,0.188333333333,322,0.0894444444444,355,225,130,0,FLAO,FLAOAO,10.5699996948
20170924,09:42:54,1219,0.338611111111,767,0.213055555556,342,238,104,109,FLAO,FLAOAO,10.5699996948
20170924,10:10:05,4611,1.28083333333,3669,1.01916666667,400,252,148,541,FLAO,FLAOAO,8.82999992371
20170924,11:49:31,684,0.19,227,0.0630555555556,457,232,225,0,FLAO,FLAOAO,5.07999992371
20170924,12:07:36,1598,0.443888888889,1068,0.296666666667,529,324,205,0,FLAO,FLAOTT,12.5799999237
20170925,01:52:01,992,0.275555555556,501,0.139166666667,490,257,232,0,FLAO,FLAOAO,4.57999992371
20170925,02:23:45,11039,3.06638888889,9075,2.52083333333,373,284,89,1590,FLAO,FLAOAO,4.57999992371
20170925,05:40:06,3698,1.02722222222,2859,0.794166666667,687,283,404,151,FLAO,FLAOAO,10.9899997711
20170925,07:24:07,2510,0.697222222222,1995,0.554166666667,432,244,187,82,FLAO,FLAOAO,13.3100004196
20170925,08:06:01,713,0.198055555556,346,0.0961111111111,344,199,145,21,FLAO,FLAOAO,13.3100004196
20170925,08:18:02,662,0.183888888889,388,0.107777777778,252,197,55,21,FLAO,FLAOAO,13.3100004196
20170925,08:33:22,12990,3.60833333333,11716,3.25444444444,586,319,266,687,FLAO,FLAOAO,14.3999996185
20170925,12:16:26,2035,0.565277777778,1367,0.379722222222,428,240,188,239,FLAO,FLAOTT,12.5799999237
20171002,02:39:02,1886,0.523888888889,808,0.224444444444,713,345,367,364,LBTI,FLAOAO,2.86999988556
20171002,03:12:00,3346,0.929444444444,2698,0.749444444444,302,125,176,346,LBTI,FLAOAO,6.84999990463
20171002,04:09:03,2987,0.829722222222,2228,0.618888888889,258,147,111,499,LBTI,FLAOAO,5.86000013351
20171002,05:01:31,4378,1.21611111111,3192,0.886666666667,310,158,151,875,LBTI,FLAOAO,6.84999990463
20171002,06:14:58,3011,0.836388888889,2493,0.6925,419,74,344,98,LBTI,FLAOAO,2.04999995232
20171003,04:08:28,2394,0.665,754,0.209444444444,1612,163,1448,28,LBTI,FLAOAO,2.86999988556
20171003,04:51:48,5200,1.44444444444,4603,1.27861111111,351,180,170,245,LBTI,FLAOAO,6.09999990463
20171003,06:18:48,2474,0.687222222222,2063,0.573055555556,354,155,198,57,LBTI,FLAOAO,4.09999990463
20171003,07:00:19,1665,0.4625,824,0.228888888889,799,214,584,42,LBTI,FLAOAO,11.1000003815
20171003,09:12:42,6039,1.6775,4919,1.36638888889,552,293,258,568,LBTI,FLAOAO,13.3999996185
20171003,11:07:30,4013,1.11472222222,3207,0.890833333333,234,130,104,571,LBTI,FLAOAO,10.0
20171004,01:21:06,2474,0.687222222222,671,0.186388888889,1750,152,1597,52,LBTI,FLAOAO,2.86999988556
20171004,02:03:35,3969,1.1025,3303,0.9175,481,168,313,184,LBTI,FLAOAO,3.40000009537
20171004,03:47:55,336,0.0933333333333,5,0.00138888888889,331,163,167,0,LBTI,FLAOAO,2.5
20171004,03:55:37,486,0.135,265,0.0736111111111,196,151,45,24,LBTI,FLAOAO,2.5
20171004,06:48:53,1058,0.293888888889,708,0.196666666667,350,162,187,0,LBTI,FLAOAO,5.94999980927
20171004,07:11:40,2484,0.69,2171,0.603055555556,313,154,159,0,LBTI,FLAOAO,4.90000009537
20171004,07:59:01,3255,0.904166666667,2782,0.772777777778,333,182,150,138,LBTI,FLAOAO,4.90000009537
20171004,08:54:13,6078,1.68833333333,4962,1.37833333333,574,170,403,542,LBTI,FLAOAO,10.8000001907
20171007,01:26:59,1145,0.318055555556,346,0.0961111111111,777,116,661,21,LBTI,FLAOAO,2.86999988556
20171007,01:50:33,7082,1.96722222222,5918,1.64388888889,405,127,277,758,LBTI,FLAOAO,5.78000020981
20171007,03:48:56,14056,3.90444444444,11812,3.28111111111,358,206,151,1885,LBTI,FLAOAO,4.94000005722
20171007,07:46:23,1165,0.323611111111,797,0.221388888889,255,79,176,112,LBTI,FLAOAO,4.94000005722
20171007,08:17:49,6064,1.68444444444,5043,1.40083333333,456,109,346,563,LBTI,FLAOAO,10.970000267
20171007,10:49:34,1427,0.396388888889,1116,0.31,261,79,181,49,LBTI,FLAOAO,7.78000020981
20171007,11:14:11,1149,0.319166666667,769,0.213611111111,283,104,178,95,LBTI,FLAOAO,11.0
20171007,11:34:20,794,0.220555555556,333,0.0925,437,88,349,22,LBTI,FLAOAO,13.0
20171007,12:18:36,1538,0.427222222222,1202,0.333888888889,215,88,127,120,LBTI,FLAOAO,13.0
20171008,01:43:26,511,0.141944444444,198,0.055,287,146,140,26,LBTI,FLAOAO,2.86999988556
20171008,02:10:36,990,0.275,658,0.182777777778,266,211,55,65,LBTI,FLAOAO,4.36000013351
20171008,02:27:49,4688,1.30222222222,4018,1.11611111111,223,141,82,446,LBTI,FLAOAO,4.36000013351
20171008,04:48:12,10080,2.8,8597,2.38805555556,345,162,183,1137,LBTI,FLAOAO,7.34000015259
20171008,07:36:41,1837,0.510277777778,1532,0.425555555556,176,112,63,129,LBTI,FLAOAO,7.34000015259
20171008,09:34:47,9257,2.57138888889,8757,2.4325,499,235,263,0,LBTI,FLAOAO,15.5399999619
20171008,12:32:06,1258,0.349444444444,979,0.271944444444,204,153,51,73,LBTI,FLAOAO,3.52999997139
20171029,01:56:58,1341,0.3725,970,0.269444444444,371,245,125,0,FLAO,FLAOAO,7.38000011444
20171029,02:19:26,2017,0.560277777778,1446,0.401666666667,571,261,309,0,FLAO,FLAOAO,10.9899997711
20171029,02:56:02,2069,0.574722222222,1673,0.464722222222,383,285,97,12,FLAO,FLAOAO,10.9899997711
20171029,03:38:18,665,0.184722222222,191,0.0530555555556,473,281,192,0,FLAO,FLAOAO,10.9899997711
20171029,03:49:33,5455,1.51527777778,4718,1.31055555556,565,245,319,171,FLAO,FLAOAO,12.6999998093
20171029,05:26:04,1070,0.297222222222,492,0.136666666667,550,319,230,27,FLAO,FLAOAO,14.3999996185
20171029,05:46:42,760,0.211111111111,409,0.113611111111,263,221,42,87,FLAO,FLAOAO,14.3999996185
20171029,05:59:29,5040,1.4,4144,1.15111111111,289,228,61,606,FLAO,FLAOAO,14.3999996185
20171029,07:43:20,8330,2.31388888889,7106,1.97388888889,686,338,348,538,FLAO,FLAOAO,14.3999996185
20171029,10:07:36,9687,2.69083333333,8496,2.36,513,261,252,677,FLAO,FLAOAO,4.80000019073
20171102,01:22:16,9560,2.65555555556,8894,2.47055555556,407,236,171,258,FLAO,FLAOAO,12.9099998474
20171102,04:07:29,0,0.0,-1076,-0.298888888889,577,307,269,499,FLAO,FLAOAO,14.3999996185
20171103,08:14:28,6790,1.88611111111,5903,1.63972222222,496,327,169,390,FLAO,FLAOAO,11.1300001144
20171103,10:12:29,9567,2.6575,8508,2.36333333333,412,301,111,647,FLAO,FLAOAO,12.2299995422
20171106,01:19:09,4426,1.22944444444,3603,1.00083333333,814,181,633,8,LBTI,FLAOAO,7.23000001907
20171106,07:44:44,562,0.156111111111,298,0.0827777777778,180,122,58,83,LBTI,FLAOAO,1.0
20171106,07:54:28,1808,0.502222222222,1313,0.364722222222,448,145,302,46,LBTI,FLAOAO,4.09999990463
20171106,08:24:50,966,0.268333333333,415,0.115277777778,529,153,376,21,LBTI,FLAOAO,4.69999980927
20171106,10:46:14,312,0.0866666666667,44,0.0122222222222,267,107,160,0,LBTI,FLAOAO,10.0
20171106,10:57:09,1244,0.345555555556,984,0.273333333333,191,136,54,68,LBTI,FLAOAO,10.0
20171106,12:30:14,841,0.233611111111,198,0.055,597,115,482,45,LBTI,FLAOAO,5.13000011444
20171106,12:44:21,445,0.123611111111,301,0.0836111111111,143,68,75,0,LBTI,FLAOAO,5.13000011444
20171106,12:52:16,1629,0.4525,1087,0.301944444444,314,106,207,227,LBTI,FLAOAO,5.13000011444
20171107,00:44:02,1037,0.288055555556,281,0.0780555555556,753,178,574,2,LBTI,FLAOAO,2.3900001049
20171107,01:04:24,5243,1.45638888889,4564,1.26777777778,678,178,500,0,LBTI,FLAOAO,7.23000001907
20171107,04:49:54,276,0.0766666666667,15,0.00416666666667,261,137,123,0,LBTI,FLAOAO,12.0
20171107,06:21:57,1974,0.548333333333,1332,0.37,580,163,416,61,LBTI,FLAOAO,2.84999990463
20171109,02:21:36,4610,1.28055555556,3302,0.917222222222,1299,172,1126,8,LBTI,FLAOAO,2.48000001907
20171109,03:54:09,0,0.0,-339,-0.0941666666667,324,84,240,15,LBTI,FLAOAO,2.48000001907
20171110,00:33:11,1760,0.488888888889,715,0.198611111111,788,135,652,256,LBTI,FLAOAO,1.0
20171110,01:06:25,3819,1.06083333333,3399,0.944166666667,239,79,159,180,LBTI,FLAOAO,5.80000019073
20171110,02:13:45,4728,1.31333333333,4472,1.24222222222,138,88,49,117,LBTI,FLAOAO,4.09999990463
20171110,03:32:57,966,0.268333333333,502,0.139444444444,440,94,346,22,LBTI,FLAOAO,3.86999988556
20171110,03:49:24,846,0.235,493,0.136944444444,353,125,227,0,LBTI,FLAOAO,4.11000013351
20171110,04:07:49,4135,1.14861111111,3584,0.995555555556,355,97,258,194,LBTI,FLAOAO,4.09999990463
20171110,05:16:56,4464,1.24,4152,1.15333333333,190,65,124,120,LBTI,FLAOAO,5.09999990463
20171110,06:31:41,2257,0.626944444444,1833,0.509166666667,339,76,262,84,LBTI,FLAOAO,4.90000009537
20171110,07:09:31,2570,0.713888888889,2362,0.656111111111,208,141,67,0,LBTI,FLAOAO,3.20000004768
20171110,07:53:11,1171,0.325277777778,925,0.256944444444,246,137,108,0,LBTI,FLAOAO,4.90000009537
20171110,08:18:45,1453,0.403611111111,1180,0.327777777778,242,134,108,30,LBTI,FLAOAO,2.61999988556
20171110,08:43:34,1047,0.290833333333,753,0.209166666667,282,123,158,11,LBTI,FLAOAO,0.860000014305
20171110,09:01:14,2768,0.768888888889,2395,0.665277777778,354,84,269,19,LBTI,FLAOAO,2.78999996185
20171110,10:07:45,1637,0.454722222222,1313,0.364722222222,313,129,183,11,LBTI,FLAOAO,4.59999990463
20171110,10:35:21,1575,0.4375,1250,0.347222222222,302,118,183,22,LBTI,FLAOAO,3.40000009537
20171110,11:13:18,2690,0.747222222222,2467,0.685277777778,223,119,104,0,LBTI,FLAOAO,1.0
20171110,12:21:21,997,0.276944444444,841,0.233611111111,155,122,33,0,LBTI,FLAOAO,0.370000004768
20171125,05:40:19,7913,2.19805555556,5907,1.64083333333,952,266,685,1052,FLAO,FLAOAO,9.67000007629
20171125,08:01:30,908,0.252222222222,530,0.147222222222,313,226,86,63,FLAO,FLAOAO,9.89999961853
20171125,08:20:29,6732,1.87,5232,1.45333333333,553,251,302,946,FLAO,FLAOAO,13.0
20171127,04:59:29,1427,0.396388888889,9,0.0025,1417,323,1094,0,FLAO,FLAOAO,12.279999733
20171127,05:23:51,408,0.113333333333,18,0.005,390,244,145,0,FLAO,FLAOAO,12.279999733
20171127,05:30:48,8725,2.42361111111,7398,2.055,362,207,155,964,FLAO,FLAOAO,12.279999733
20171127,07:56:20,403,0.111944444444,20,0.00555555555556,382,195,187,0,FLAO,FLAOAO,12.6999998093
20171127,08:05:40,1227,0.340833333333,486,0.135,675,281,393,65,FLAO,FLAOAO,9.89999961853
20171127,08:26:15,5062,1.40611111111,3739,1.03861111111,711,243,467,611,FLAO,FLAOAO,13.0
20171203,06:58:26,1623,0.450833333333,1095,0.304166666667,498,348,149,29,FLAO,FLAOAO,11.0699996948
20171203,08:19:19,4952,1.37555555556,4238,1.17722222222,564,335,229,149,FLAO,FLAOAO,11.0699996948
20171203,09:56:03,3873,1.07583333333,3401,0.944722222222,291,242,48,180,FLAO,FLAOAO,11.0500001907
20171203,11:00:40,4013,1.11472222222,3539,0.983055555556,316,213,103,158,FLAO,FLAOAO,11.0500001907
20171203,12:10:52,4755,1.32083333333,3614,1.00388888889,807,359,447,333,FLAO,FLAOAO,15.5600004196
20171209,01:14:05,1672,0.464444444444,1034,0.287222222222,638,331,306,0,FLAO,FLAOAO,8.51000022888
20171209,01:43:01,1959,0.544166666667,1084,0.301111111111,875,191,684,0,FLAO,FLAOAO,8.51000022888
20171209,02:15:47,1027,0.285277777778,447,0.124166666667,579,183,396,0,FLAO,FLAOAO,8.51000022888
20171209,02:32:58,1074,0.298333333333,583,0.161944444444,490,234,256,0,FLAO,FLAOAO,11.1999998093
20171209,02:51:29,865,0.240277777778,480,0.133333333333,384,192,191,0,FLAO,FLAOAO,11.1999998093
20171209,03:05:58,1232,0.342222222222,731,0.203055555556,501,228,272,0,FLAO,FLAOAO,14.1999998093
20171209,03:26:35,1181,0.328055555556,394,0.109444444444,786,302,483,0,FLAO,FLAOAO,15.5
20171209,03:54:31,4239,1.1775,3604,1.00111111111,454,227,227,181,FLAO,FLAOAO,11.0699996948
20171209,05:05:14,4362,1.21166666667,3826,1.06277777778,383,216,167,151,FLAO,FLAOAO,11.0699996948
20171209,06:24:04,4188,1.16333333333,3421,0.950277777778,428,267,160,338,FLAO,FLAOAO,11.0699996948
20171209,07:34:24,5522,1.53388888889,5081,1.41138888889,253,251,1,186,FLAO,FLAOAO,11.0699996948
20171212,03:08:40,1156,0.321111111111,786,0.218333333333,355,302,52,15,FLAO,FLAOAO,10.8199996948
20171212,03:41:06,3844,1.06777777778,3280,0.911111111111,486,304,182,77,FLAO,FLAOAO,10.8199996948
20171215,00:22:53,3059,0.849722222222,1965,0.545833333333,738,108,630,355,LBTI,FLAOAO,2.04999995232
20171215,01:15:19,1518,0.421666666667,1230,0.341666666667,233,112,120,54,LBTI,FLAOAO,10.6999998093
20171215,01:41:36,586,0.162777777778,245,0.0680555555556,341,267,74,0,LBTI,FLAOAO,8.0
20171215,04:38:57,858,0.238333333333,715,0.198611111111,142,97,45,0,LBTI,FLAOAO,9.32999992371
20171215,04:53:33,3970,1.10277777778,3680,1.02222222222,213,97,115,76,LBTI,FLAOAO,9.32999992371
20171215,05:59:57,937,0.260277777778,719,0.199722222222,173,94,78,44,LBTI,FLAOAO,10.6999998093
20171215,06:18:25,1797,0.499166666667,1605,0.445833333333,146,87,58,44,LBTI,FLAOAO,10.6999998093
20171215,06:48:25,924,0.256666666667,716,0.198888888889,158,90,68,49,LBTI,FLAOAO,10.6999998093
20171220,00:27:12,1932,0.536666666667,556,0.154444444444,1247,175,1071,128,LBTI,FLAOAO,2.04999995232
20171220,01:03:03,2966,0.823888888889,2574,0.715,263,116,147,128,LBTI,FLAOAO,4.90000009537
20171220,01:56:57,4463,1.23972222222,3803,1.05638888889,463,131,332,196,LBTI,FLAOAO,4.09999990463
20171220,03:11:36,1897,0.526944444444,1309,0.363611111111,473,118,354,114,LBTI,FLAOAO,5.69999980927
20171220,03:43:22,2367,0.6575,1636,0.454444444444,622,116,505,108,LBTI,FLAOAO,5.5
20171220,05:17:45,1682,0.467222222222,1423,0.395277777778,166,97,68,92,LBTI,FLAOAO,3.70000004768
20171220,05:46:06,2093,0.581388888889,1490,0.413888888889,512,149,362,90,LBTI,FLAOAO,6.30000019073
20171220,06:21:18,2592,0.72,1712,0.475555555556,750,122,628,128,LBTI,FLAOAO,4.90000009537
20171220,07:04:50,3690,1.025,3127,0.868611111111,355,95,260,206,LBTI,FLAOAO,3.20000004768
20171220,08:06:44,2267,0.629722222222,1535,0.426388888889,627,106,520,104,LBTI,FLAOAO,5.19999980927
20171220,08:44:48,1396,0.387777777778,736,0.204444444444,648,90,558,11,LBTI,FLAOAO,6.80000019073
20171220,09:18:47,1117,0.310277777778,919,0.255277777778,174,115,58,24,LBTI,FLAOAO,5.69999980927
20171220,09:37:40,1273,0.353611111111,1031,0.286388888889,241,114,127,0,LBTI,FLAOAO,1.39999997616
20171220,09:59:06,5900,1.63888888889,5251,1.45861111111,480,128,352,167,LBTI,FLAOAO,5.19999980927
20171220,11:47:31,2487,0.690833333333,1925,0.534722222222,460,153,307,101,LBTI,FLAOAO,3.59999990463
20171220,12:29:06,1823,0.506388888889,1576,0.437777777778,132,76,56,114,LBTI,FLAOAO,3.59999990463
20171220,13:00:14,3106,0.862777777778,2640,0.733333333333,364,109,254,101,LBTI,FLAOAO,6.0
20171221,00:33:24,3356,0.932222222222,2498,0.693888888889,857,156,701,0,LBTI,FLAOAO,2.04999995232
20171221,01:47:18,3016,0.837777777778,2596,0.721111111111,328,146,182,91,LBTI,FLAOAO,11.3999996185
20171221,02:38:04,2048,0.568888888889,1622,0.450555555556,224,105,119,201,LBTI,FLAOAO,11.3999996185
20171221,03:15:10,1984,0.551111111111,1629,0.4525,298,128,170,56,LBTI,FLAOAO,10.3999996185
20171221,03:56:31,6206,1.72388888889,5551,1.54194444444,430,124,306,225,LBTI,FLAOAO,10.0
20171223,02:02:36,2606,0.723888888889,1205,0.334722222222,1287,172,1115,112,LBTI,FLAOAO,2.00999999046
20171223,02:46:25,2949,0.819166666667,2293,0.636944444444,523,145,377,132,LBTI,FLAOAO,5.59999990463
20171223,03:35:53,4946,1.37388888889,4447,1.23527777778,263,115,148,235,LBTI,FLAOAO,3.70000004768
20171223,05:00:56,5167,1.43527777778,4774,1.32611111111,287,163,123,105,LBTI,FLAOAO,5.59999990463
20171223,06:27:22,2192,0.608888888889,1828,0.507777777778,253,119,134,109,LBTI,FLAOAO,5.59999990463
20171223,07:05:21,341,0.0947222222222,77,0.0213888888889,263,88,175,0,LBTI,FLAOAO,3.5
20171223,07:11:15,2108,0.585555555556,1837,0.510277777778,170,72,98,101,LBTI,FLAOAO,3.5
20171223,07:47:10,776,0.215555555556,180,0.05,583,94,488,13,LBTI,FLAOAO,5.69999980927
20171223,08:04:13,1135,0.315277777778,854,0.237222222222,263,88,175,16,LBTI,FLAOAO,4.59999990463
20171223,08:23:20,1582,0.439444444444,1267,0.351944444444,270,91,179,44,LBTI,FLAOAO,5.69999980927
20171223,08:59:12,863,0.239722222222,415,0.115277777778,444,225,219,3,LBTI,FLAOAO,13.7899999619
20171223,09:16:13,790,0.219444444444,436,0.121111111111,334,180,153,19,LBTI,FLAOAO,13.8000001907
20171223,09:29:40,843,0.234166666667,591,0.164166666667,199,88,111,52,LBTI,FLAOAO,3.18000006676
20171223,09:44:07,897,0.249166666667,529,0.146944444444,367,180,187,0,LBTI,FLAOAO,13.7899999619
20171223,09:59:32,298,0.0827777777778,1,0.000277777777778,297,114,183,0,LBTI,FLAOAO,13.5
20171223,10:05:36,6012,1.67,5428,1.50777777778,583,184,398,0,LBTI,FLAOAO,13.5
20171223,12:07:49,454,0.126111111111,139,0.0386111111111,297,212,84,17,LBTI,FLAOAO,4.80000019073
20171223,12:22:36,1952,0.542222222222,1640,0.455555555556,269,147,121,42,LBTI,FLAOAO,4.80000019073
20171223,12:55:35,1010,0.280555555556,23,0.00638888888889,986,291,695,0,LBTI,FLAOAO,2.40000009537
20171226,04:34:34,1330,0.369444444444,691,0.191944444444,638,278,360,0,FLAO,FLAOAO,10.6000003815
20171226,04:56:51,1772,0.492222222222,1228,0.341111111111,544,267,276,0,FLAO,FLAOAO,13.1000003815
20171229,11:33:30,8002,2.22277777778,5661,1.5725,746,552,194,1594,FLAO,FLAOTT,11.3599996567
20171230,06:32:08,778,0.216111111111,77,0.0213888888889,701,489,212,0,FLAO,FLAOAO,15.4899997711
20171230,06:45:11,11621,3.22805555556,9690,2.69166666667,285,250,34,1645,FLAO,FLAOAO,15.4899997711
20171230,09:58:57,3799,1.05527777778,2581,0.716944444444,907,541,365,311,FLAO,FLAOAO,15.5600004196
20171230,11:02:22,1217,0.338055555556,923,0.256388888889,276,214,61,17,FLAO,FLAOAO,14.6099996567
20171230,11:22:43,1017,0.2825,452,0.125555555556,565,466,98,0,FLAO,FLAOAO,14.9399995804
20171230,11:39:45,2230,0.619444444444,1612,0.447777777778,402,303,99,215,FLAO,FLAOAO,15.5600004196
20171230,12:17:00,2542,0.706111111111,1984,0.551111111111,297,226,71,260,FLAO,FLAOAO,14.4600000381
20171230,12:59:30,2451,0.680833333333,1857,0.515833333333,313,255,57,280,FLAO,FLAOAO,14.6099996567
20171231,01:07:47,7968,2.21333333333,6510,1.80833333333,389,373,15,1069,FLAO,FLAOAO,10.5699996948
20171231,07:11:34,11874,3.29833333333,9546,2.65166666667,671,461,209,1656,FLAO,FLAOAO,15.4899997711
20171231,10:32:36,5766,1.60166666667,4286,1.19055555556,573,392,181,906,FLAO,FLAOTT,15.5600004196
20171231,12:08:47,2884,0.801111111111,1891,0.525277777778,528,242,285,464,FLAO,FLAOTT,11.3599996567
20171231,13:16:01,1940,0.538888888889,1164,0.323333333333,451,301,150,324,FLAO,FLAOTT,11.3599996567
20180102,04:26:09,1906,0.529444444444,1370,0.380555555556,464,317,147,70,FLAO,FLAOAO,14.8999996185
20180102,04:58:00,5073,1.40916666667,4077,1.1325,457,320,136,538,FLAO,FLAOAO,14.8999996185
20180103,01:06:26,2402,0.667222222222,1915,0.531944444444,316,316,0,169,FLAO,FLAOAO,8.56999969482
20180103,01:46:34,2094,0.581666666667,1331,0.369722222222,727,251,475,36,FLAO,FLAOAO,8.56999969482
20180105,01:18:35,3630,1.00833333333,3134,0.870555555556,401,98,303,94,LBTI,FLAOAO,4.90000009537
20180105,02:20:13,6048,1.68,5561,1.54472222222,284,96,188,202,LBTI,FLAOAO,3.5
20180105,04:08:26,1279,0.355277777778,1082,0.300555555556,135,85,49,61,LBTI,FLAOAO,3.59999990463
20180105,04:35:16,919,0.255277777778,697,0.193611111111,162,110,52,59,LBTI,FLAOAO,3.59999990463
20180105,04:57:53,1182,0.328333333333,223,0.0619444444444,948,111,837,10,LBTI,FLAOAO,5.59999990463
20180105,05:23:24,826,0.229444444444,389,0.108055555556,299,69,229,137,LBTI,FLAOAO,4.90000009537
20180105,05:38:25,3719,1.03305555556,3430,0.952777777778,186,72,113,102,LBTI,FLAOAO,4.90000009537
20180105,06:41:47,1279,0.355277777778,1112,0.308888888889,141,85,55,25,LBTI,FLAOAO,5.0
20180105,07:03:46,2052,0.57,1795,0.498611111111,237,87,149,20,LBTI,FLAOAO,4.5
20180105,08:45:52,895,0.248611111111,-265,-0.0736111111111,612,75,537,547,LBTI,FLAOAO,8.0
20180105,09:00:52,2509,0.696944444444,2383,0.661944444444,126,84,41,0,LBTI,FLAOAO,8.0
20180105,09:52:44,970,0.269444444444,235,0.0652777777778,672,124,547,62,LBTI,FLAOAO,14.3199996948
20180105,10:10:23,657,0.1825,416,0.115555555556,218,106,111,23,LBTI,FLAOAO,14.3199996948
20180105,10:29:51,1540,0.427777777778,1374,0.381666666667,155,133,22,9,LBTI,FLAOAO,15.0
20180105,10:55:46,9088,2.52444444444,8598,2.38833333333,360,201,159,129,LBTI,FLAOAO,12.0600004196
20180106,00:34:52,1028,0.285555555556,372,0.103333333333,651,104,546,4,LBTI,FLAOAO,2.04999995232
20180106,00:52:16,1666,0.462777777778,1179,0.3275,409,76,333,76,LBTI,FLAOAO,4.90000009537
20180106,01:20:21,1352,0.375555555556,711,0.1975,640,89,551,0,LBTI,FLAOAO,3.5
20180106,02:17:10,5515,1.53194444444,5315,1.47638888889,200,88,112,0,LBTI,FLAOAO,13.0
20180106,04:00:27,1417,0.393611111111,1256,0.348888888889,160,91,69,0,LBTI,FLAOAO,7.57999992371
20180106,05:01:46,2318,0.643888888889,1706,0.473888888889,611,84,527,0,LBTI,FLAOAO,7.57999992371
20180106,05:47:45,2481,0.689166666667,524,0.145555555556,976,75,901,979,LBTI,FLAOAO,5.59999990463
20180106,06:29:23,4172,1.15888888889,3626,1.00722222222,294,81,212,252,LBTI,FLAOAO,4.5
20180106,07:41:25,6103,1.69527777778,5550,1.54166666667,438,98,340,114,LBTI,FLAOAO,4.59999990463
20180106,09:23:27,1525,0.423611111111,885,0.245833333333,640,112,528,0,LBTI,FLAOAO,7.01000022888
20180106,09:51:58,10903,3.02861111111,10044,2.79,395,104,290,463,LBTI,FLAOAO,4.59999990463
20180108,01:54:29,1254,0.348333333333,86,0.0238888888889,1151,170,981,16,LBTI,FLAOAO,2.04999995232
20180108,02:59:31,784,0.217777777778,478,0.132777777778,217,134,82,89,LBTI,FLAOAO,10.0
20180108,03:15:57,19453,5.40361111111,17324,4.81222222222,210,124,85,1919,LBTI,FLAOAO,10.0
20180108,08:40:39,555,0.154166666667,118,0.0327777777778,402,75,326,34,LBTI,FLAOAO,2.52999997139
20180108,08:53:02,10077,2.79916666667,9472,2.63111111111,437,117,320,168,LBTI,FLAOAO,14.3199996948
20180108,12:18:11,1747,0.485277777778,1379,0.383055555556,368,196,171,0,LBTI,FLAOAO,14.3199996948
20180220,12:29:39,578,0.160555555556,32,0.00888888888889,545,306,238,0,FLAO,FLAOAO,12.0
20180221,10:37:12,1030,0.286111111111,635,0.176388888889,394,216,178,0,FLAO,FLAOAO,15.5
20180307,02:01:14,5794,1.60944444444,4546,1.26277777778,804,550,253,443,FLAO,FLAOAO,15.9600000381
20180307,03:37:55,0,0.0,-891,-0.2475,565,508,56,326,FLAO,FLAOAO,15.9600000381
20180307,07:09:57,1026,0.285,704,0.195555555556,322,38,284,0,LBTI,FLAOAO,1.58000004292
20180307,07:34:52,1583,0.439722222222,1321,0.366944444444,217,78,139,44,LBTI,FLAOAO,1.58000004292
20180307,08:16:00,4477,1.24361111111,4125,1.14583333333,292,133,159,59,LBTI,FLAOAO,2.36999988556
20180307,09:31:15,736,0.204444444444,438,0.121666666667,297,152,144,0,LBTI,FLAOAO,2.36999988556
20180307,09:57:05,779,0.216388888889,558,0.155,181,117,63,38,LBTI,FLAOAO,2.36999988556
20180307,10:36:58,4008,1.11333333333,3645,1.0125,216,156,59,146,LBTI,FLAOAO,6.0
20180308,03:22:25,4497,1.24916666667,3849,1.06916666667,581,117,463,67,LBTI,FLAOAO,1.13999998569
20180308,04:38:53,5674,1.57611111111,5147,1.42972222222,425,95,329,101,LBTI,FLAOAO,5.94999980927
20180309,01:45:57,2382,0.661666666667,1919,0.533055555556,394,114,280,69,LBTI,FLAOAO,1.13999998569
20180309,02:49:13,390,0.108333333333,167,0.0463888888889,211,174,36,11,LBTI,FLAOAO,1.13999998569
20180309,02:56:26,2605,0.723611111111,2328,0.646666666667,203,84,119,73,LBTI,FLAOAO,1.13999998569
20180309,04:03:12,3999,1.11083333333,3815,1.05972222222,137,83,54,46,LBTI,FLAOAO,0.370000004768
20180309,05:34:10,1427,0.396388888889,928,0.257777777778,398,141,257,101,LBTI,FLAOAO,2.36999988556
20180309,06:24:13,2480,0.688888888889,2021,0.561388888889,321,115,206,136,LBTI,FLAOAO,5.40000009537
20180309,07:09:02,3355,0.931944444444,2914,0.809444444444,241,97,143,199,LBTI,FLAOAO,5.0
20180309,08:11:46,4054,1.12611111111,3518,0.977222222222,425,82,343,110,LBTI,FLAOAO,6.57999992371
20180309,09:19:26,1497,0.415833333333,1110,0.308333333333,387,165,221,0,LBTI,FLAOAO,6.57999992371
20180309,10:23:19,1787,0.496388888889,1257,0.349166666667,530,308,221,0,FLAO,FLAOAO,8.97999954224
20180309,10:53:11,3145,0.873611111111,2188,0.607777777778,956,387,569,0,FLAO,FLAOAO,8.97999954224
20180309,11:47:46,1679,0.466388888889,1289,0.358055555556,389,357,31,0,FLAO,FLAOAO,8.97999954224
20180309,12:48:02,755,0.209722222222,346,0.0961111111111,409,311,97,0,FLAO,FLAOAO,10.1199998856
20180310,01:37:43,4069,1.13027777778,3330,0.925,606,144,461,132,LBTI,FLAOAO,0.370000004768
20180310,02:52:13,2666,0.740555555556,2450,0.680555555556,216,151,64,0,LBTI,FLAOAO,5.94999980927
20180310,04:05:43,7534,2.09277777778,7062,1.96166666667,264,112,152,207,LBTI,FLAOAO,4.86999988556
20180310,06:11:29,3206,0.890555555556,2785,0.773611111111,420,179,241,0,LBTI,FLAOAO,2.36999988556
20180310,10:57:44,0,0.0,-2190,-0.608333333333,2190,232,1957,0,LBTI,FLAOAO,1.86000001431
20180313,01:35:19,1783,0.495277777778,514,0.142777777778,1255,145,1109,13,LBTI,FLAOAO,0.860000014305
20180313,02:07:58,3778,1.04944444444,3036,0.843333333333,601,124,476,140,LBTI,FLAOAO,5.59999990463
20180313,03:22:09,1418,0.393888888889,791,0.219722222222,583,173,409,43,LBTI,FLAOAO,5.80000019073
20180313,03:45:56,950,0.263888888889,711,0.1975,217,105,112,20,LBTI,FLAOAO,5.90000009537
20180313,04:02:04,4639,1.28861111111,3774,1.04833333333,776,144,632,88,LBTI,FLAOAO,4.86999988556
20180313,05:19:40,3511,0.975277777778,3102,0.861666666667,303,90,212,104,LBTI,FLAOAO,2.36999988556
20180313,06:26:04,3410,0.947222222222,3007,0.835277777778,403,60,342,0,LBTI,FLAOAO,5.67999982834
20180313,08:10:57,9776,2.71555555556,9351,2.5975,424,113,311,0,LBTI,FLAOAO,5.21999979019
20180328,05:26:47,2586,0.718333333333,1873,0.520277777778,253,120,133,458,LBTI,FLAOAO,2.36999988556
20180328,06:14:49,270,0.075,114,0.0316666666667,125,93,31,30,LBTI,FLAOAO,2.36999988556
20180328,08:10:59,1798,0.499444444444,1544,0.428888888889,176,143,32,77,LBTI,FLAOAO,4.48999977112
20180328,08:41:12,2131,0.591944444444,1835,0.509722222222,189,113,75,105,LBTI,FLAOAO,5.90000009537
20180328,09:17:02,2833,0.786944444444,2523,0.700833333333,176,88,88,134,LBTI,FLAOAO,4.5
20180328,10:04:51,2941,0.816944444444,2547,0.7075,286,75,211,107,LBTI,FLAOAO,4.30000019073
20180328,10:55:37,4069,1.13027777778,3720,1.03333333333,170,115,55,178,LBTI,FLAOAO,1.0
20180328,12:13:26,2241,0.6225,1901,0.528055555556,216,149,67,123,LBTI,FLAOAO,5.59999990463
20180329,02:15:27,4341,1.20583333333,3393,0.9425,605,115,490,342,LBTI,FLAOAO,4.61000013351
20180329,03:38:16,4689,1.3025,4227,1.17416666667,260,165,94,201,LBTI,FLAOAO,4.80000019073
20180329,04:59:42,1992,0.553333333333,1614,0.448333333333,269,135,133,108,LBTI,FLAOAO,5.80000019073
20180329,05:33:28,609,0.169166666667,420,0.116666666667,160,133,27,28,LBTI,FLAOAO,5.80000019073
20180329,05:43:44,1558,0.432777777778,1064,0.295555555556,459,147,311,35,LBTI,FLAOAO,5.69999980927
20180329,06:09:48,1689,0.469166666667,1310,0.363888888889,321,143,178,56,LBTI,FLAOAO,5.0
20180330,01:54:19,1003,0.278611111111,693,0.1925,302,169,133,6,LBTI,FLAOAO,0.370000004768
20180330,02:12:58,3217,0.893611111111,2791,0.775277777778,220,126,93,206,LBTI,FLAOAO,6.09999990463
20180330,03:11:07,1558,0.432777777778,1221,0.339166666667,240,155,85,96,LBTI,FLAOAO,6.0
20180330,03:40:28,1346,0.373888888889,882,0.245,391,137,254,72,LBTI,FLAOAO,4.59999990463
20180330,04:12:38,1169,0.324722222222,840,0.233333333333,227,167,59,100,LBTI,FLAOAO,4.59999990463
20180330,04:32:20,2722,0.756111111111,2319,0.644166666667,238,131,107,163,LBTI,FLAOAO,3.70000004768
20180330,05:17:55,1713,0.475833333333,1351,0.375277777778,271,115,155,91,LBTI,FLAOAO,5.09999990463
20180330,05:46:40,3131,0.869722222222,2781,0.7725,207,105,101,142,LBTI,FLAOAO,4.80000019073
20180330,06:39:01,1668,0.463333333333,1171,0.325277777778,403,170,233,93,LBTI,FLAOAO,4.80000019073
20180330,07:08:57,2788,0.774444444444,2274,0.631666666667,303,163,140,209,LBTI,FLAOAO,3.59999990463
20180330,07:55:35,1684,0.467777777778,1343,0.373055555556,244,149,95,97,LBTI,FLAOAO,5.0
20180330,08:25:49,1629,0.4525,1180,0.327777777778,353,173,180,95,LBTI,FLAOAO,5.59999990463
20180330,08:53:06,2987,0.829722222222,2598,0.721666666667,204,128,76,184,LBTI,FLAOAO,4.5
20180330,09:43:04,1443,0.400833333333,1059,0.294166666667,281,159,122,102,LBTI,FLAOAO,6.0
20180330,10:07:20,2206,0.612777777778,1696,0.471111111111,410,91,318,99,LBTI,FLAOAO,4.80000019073
20180330,10:44:20,3055,0.848611111111,2658,0.738333333333,214,127,87,182,LBTI,FLAOAO,4.19999980927
20180330,11:35:25,1520,0.422222222222,1270,0.352777777778,155,96,59,94,LBTI,FLAOAO,5.59999990463
20180330,12:00:53,2244,0.623333333333,1941,0.539166666667,185,132,52,118,LBTI,FLAOAO,4.19999980927
20180331,02:07:05,3929,1.09138888889,1737,0.4825,2191,326,1865,0,FLAO,FLAOAO,6.34999990463
20180331,03:30:30,1823,0.506388888889,1114,0.309444444444,709,351,358,0,FLAO,FLAOAO,6.34999990463
20180331,04:12:46,1232,0.342222222222,534,0.148333333333,698,315,382,0,FLAO,FLAOAO,13.2600002289
20180331,06:19:10,2662,0.739444444444,1608,0.446666666667,1054,404,649,0,FLAO,FLAOAO,11.3999996185
20180331,07:06:57,6144,1.70666666667,5402,1.50055555556,742,328,413,0,FLAO,FLAOAO,11.029999733
20180331,08:55:38,7789,2.16361111111,7335,2.0375,453,320,132,0,FLAO,FLAOAO,13.6000003815
20180401,03:21:57,11501,3.19472222222,11051,3.06972222222,449,384,64,0,FLAO,FLAOAO,12.0399999619
20180402,07:26:43,4728,1.31333333333,3443,0.956388888889,366,321,45,918,FLAO,FLAOTT,11.3599996567
20180402,08:45:36,2182,0.606111111111,1246,0.346111111111,599,321,277,337,FLAO,FLAOTT,11.3599996567
20180402,09:26:26,4276,1.18777777778,3334,0.926111111111,512,403,109,429,FLAO,FLAOAO,13.720000267
20180402,10:37:46,3202,0.889444444444,2291,0.636388888889,502,295,206,408,FLAO,FLAOAO,13.7100000381
20180402,11:31:13,3674,1.02055555556,2647,0.735277777778,612,466,145,414,FLAO,FLAOAO,15.2600002289
20180404,08:19:46,1016,0.282222222222,263,0.0730555555556,601,535,66,150,FLAO,FLAOAO,14.7399997711
20180404,08:44:13,9349,2.59694444444,7530,2.09166666667,456,309,147,1362,FLAO,FLAOAO,14.7399997711
20180404,11:24:25,2442,0.678333333333,1726,0.479444444444,414,346,68,301,FLAO,FLAOTT,11.3599996567
20180429,03:32:31,1414,0.392777777778,344,0.0955555555556,1057,129,927,12,LBTI,FLAOAO,2.13000011444
20180429,09:14:24,833,0.231388888889,235,0.0652777777778,585,145,439,12,LBTI,FLAOAO,2.74000000954
20180429,09:42:24,6311,1.75305555556,5987,1.66305555556,220,88,131,103,LBTI,FLAOAO,12.2399997711
20180505,08:10:18,1761,0.489166666667,618,0.171666666667,878,674,204,264,FLAO,FLAOTT,9.43000030518
20180505,08:43:17,2756,0.765555555556,1911,0.530833333333,360,270,90,483,FLAO,FLAOTT,9.43000030518
20180506,03:17:57,7932,2.20333333333,6807,1.89083333333,871,133,738,252,LBTI,FLAOAO,7.01000022888
20180506,05:50:47,1751,0.486388888889,1053,0.2925,263,120,143,433,LBTI,FLAOAO,5.59000015259
20180506,06:58:36,4211,1.16972222222,3605,1.00138888889,293,97,195,312,LBTI,FLAOAO,6.0
20180506,08:10:25,1929,0.535833333333,1547,0.429722222222,222,136,85,158,LBTI,FLAOAO,7.96999979019
20180506,08:42:51,854,0.237222222222,437,0.121388888889,382,104,277,35,LBTI,FLAOAO,5.86000013351
20180506,08:58:03,5829,1.61916666667,4639,1.28861111111,182,108,74,1007,LBTI,FLAOAO,6.84999990463
20180506,10:37:12,2224,0.617777777778,1572,0.436666666667,280,128,152,372,LBTI,FLAOAO,5.86000013351
20180506,11:14:33,3312,0.92,2442,0.678333333333,178,100,77,691,LBTI,FLAOAO,6.84999990463
20180507,03:42:04,7428,2.06333333333,6744,1.87333333333,230,143,86,453,LBTI,FLAOAO,3.5
20180507,08:33:33,13337,3.70472222222,12652,3.51444444444,538,167,371,146,LBTI,FLAOAO,0.759999990463
20180508,02:33:09,1383,0.384166666667,905,0.251388888889,462,179,283,15,LBTI,FLAOAO,2.36999988556
20180508,02:57:56,3617,1.00472222222,3247,0.901944444444,182,95,86,188,LBTI,FLAOAO,5.30000019073
20180508,04:03:10,1861,0.516944444444,1547,0.429722222222,271,131,139,42,LBTI,FLAOAO,7.01000022888
20180508,04:36:54,2339,0.649722222222,1668,0.463333333333,506,116,389,163,LBTI,FLAOAO,6.57999992371
20180508,05:19:14,1019,0.283055555556,565,0.156944444444,402,94,307,50,LBTI,FLAOAO,1.0
20180508,05:46:24,1849,0.513611111111,1576,0.437777777778,152,94,57,120,LBTI,FLAOAO,1.78999996185
20180508,06:17:25,1564,0.434444444444,1016,0.282222222222,408,98,310,139,LBTI,FLAOAO,6.57999992371
20180508,06:43:44,609,0.169166666667,216,0.06,393,86,306,0,LBTI,FLAOAO,3.83999991417
20180508,07:53:32,1111,0.308611111111,795,0.220833333333,200,125,74,115,LBTI,FLAOAO,2.23000001907
20180508,08:12:19,7544,2.09555555556,6879,1.91083333333,326,114,212,338,LBTI,FLAOAO,6.57999992371
20180508,10:18:17,3789,1.0525,3181,0.883611111111,355,120,235,252,LBTI,FLAOAO,2.23000001907
20180508,11:21:43,1767,0.490833333333,1332,0.37,302,103,198,132,LBTI,FLAOAO,6.57999992371
20180508,11:51:34,1287,0.3575,928,0.257777777778,240,91,148,118,LBTI,FLAOAO,2.23000001907
20180509,06:48:36,838,0.232777777778,314,0.0872222222222,523,464,58,0,FLAO,FLAOAO,16.2000007629
20180509,07:04:24,3167,0.879722222222,2330,0.647222222222,374,303,71,461,FLAO,FLAOAO,16.2000007629
20180516,09:50:48,1635,0.454166666667,995,0.276388888889,526,430,95,113,FLAO,FLAOTT,9.43000030518
20180516,10:37:51,1910,0.530555555556,1116,0.31,681,539,141,112,FLAO,FLAOTT,15.1700000763
20180516,11:15:06,1076,0.298888888889,316,0.0877777777778,700,370,329,60,FLAO,FLAOAO,9.43000030518
20180516,11:37:19,1404,0.39,928,0.257777777778,397,339,57,78,FLAO,FLAOAO,9.43000030518
20180522,02:58:31,903,0.250833333333,275,0.0763888888889,627,347,279,0,FLAO,FLAOAO,8.31000041962
20180522,04:54:11,3377,0.938055555556,2343,0.650833333333,479,279,200,554,FLAO,FLAOTT,14.2100000381
20180522,05:59:24,2314,0.642777777778,1663,0.461944444444,493,266,226,157,FLAO,FLAOTT,13.6899995804
20180522,06:43:02,2445,0.679166666667,1877,0.521388888889,392,235,156,175,FLAO,FLAOTT,15.3999996185
20180522,07:46:52,984,0.273333333333,40,0.0111111111111,944,290,654,0,FLAO,FLAOAO,7.26000022888
20180522,08:03:22,3748,1.04111111111,2934,0.815,813,272,541,0,FLAO,FLAOAO,7.26000022888
20180522,10:37:21,4509,1.2525,3992,1.10888888889,516,315,201,0,FLAO,FLAOAO,8.35000038147
20180523,02:47:51,3445,0.956944444444,2080,0.577777777778,1352,164,1187,12,LBTI,FLAOAO,2.36999988556
20180523,03:52:40,1714,0.476111111111,1219,0.338611111111,413,213,199,81,LBTI,FLAOAO,2.36999988556
20180523,04:22:04,1825,0.506944444444,1336,0.371111111111,397,153,244,91,LBTI,FLAOAO,5.69999980927
20180523,04:58:18,3013,0.836944444444,2613,0.725833333333,213,129,84,185,LBTI,FLAOAO,4.0
20180523,05:48:46,1787,0.496388888889,1363,0.378611111111,316,155,160,107,LBTI,FLAOAO,5.5
20180523,06:18:44,2050,0.569444444444,1574,0.437222222222,374,196,177,102,LBTI,FLAOAO,5.59999990463
20180523,06:55:37,4030,1.11944444444,3596,0.998888888889,217,125,92,216,LBTI,FLAOAO,5.40000009537
20180523,08:12:45,1633,0.453611111111,1295,0.359722222222,253,204,49,84,LBTI,FLAOAO,5.69999980927
20180523,08:41:10,1402,0.389444444444,863,0.239722222222,511,152,359,28,LBTI,FLAOAO,4.5
20180523,09:15:23,1805,0.501388888889,1533,0.425833333333,172,139,32,99,LBTI,FLAOAO,5.80000019073
20180523,09:45:41,6187,1.71861111111,4676,1.29888888889,1236,126,1110,273,LBTI,FLAOAO,5.19999980927
20180524,02:58:42,1925,0.534722222222,760,0.211111111111,1095,104,991,69,LBTI,FLAOAO,2.13000011444
20180524,03:43:40,741,0.205833333333,471,0.130833333333,252,114,138,17,LBTI,FLAOAO,9.59000015259
20180524,03:57:59,7214,2.00388888889,6762,1.87833333333,323,120,203,128,LBTI,FLAOAO,12.3400001526
20180524,05:58:19,3545,0.984722222222,2935,0.815277777778,488,137,351,121,LBTI,FLAOAO,7.01000022888
20180524,06:57:42,2626,0.729444444444,2306,0.640555555556,232,90,142,87,LBTI,FLAOAO,6.78000020981
20180524,07:41:41,3012,0.836666666667,2703,0.750833333333,150,94,56,157,LBTI,FLAOAO,7.01000022888
20180524,08:32:06,1680,0.466666666667,1464,0.406666666667,143,98,45,72,LBTI,FLAOAO,7.26999998093
20180524,09:00:20,2578,0.716111111111,2306,0.640555555556,143,94,49,128,LBTI,FLAOAO,7.01000022888
20180524,09:47:24,1350,0.375,1109,0.308055555556,164,83,80,76,LBTI,FLAOAO,6.78000020981
20180524,10:11:50,4051,1.12527777778,3752,1.04222222222,155,87,67,142,LBTI,FLAOAO,7.01000022888
20180524,11:19:32,1058,0.293888888889,865,0.240277777778,140,91,49,51,LBTI,FLAOAO,7.26999998093
20180524,11:39:03,1015,0.281944444444,812,0.225555555556,158,83,74,45,LBTI,FLAOAO,7.01000022888
20180525,02:44:08,3077,0.854722222222,2755,0.765277777778,185,96,89,136,LBTI,FLAOAO,5.30000019073
20180525,03:35:39,3343,0.928611111111,3056,0.848888888889,113,77,35,173,LBTI,FLAOAO,3.29999995232
20180525,04:31:45,1700,0.472222222222,1464,0.406666666667,158,88,70,77,LBTI,FLAOAO,5.5
20180525,05:00:19,3120,0.866666666667,2812,0.781111111111,141,81,60,166,LBTI,FLAOAO,3.29999995232
20180525,05:52:24,1800,0.5,1536,0.426666666667,180,113,66,83,LBTI,FLAOAO,5.40000009537
20180525,06:23:05,2390,0.663888888889,1977,0.549166666667,318,146,171,95,LBTI,FLAOAO,5.59999990463
20180525,07:03:08,4517,1.25472222222,4146,1.15166666667,184,102,82,187,LBTI,FLAOAO,5.40000009537
20180525,08:18:36,2480,0.688888888889,2002,0.556111111111,362,94,268,114,LBTI,FLAOAO,5.09999990463
20180525,09:00:57,2412,0.67,2029,0.563611111111,287,96,190,96,LBTI,FLAOAO,4.90000009537
20180525,09:41:43,3736,1.03777777778,2933,0.814722222222,601,88,513,201,LBTI,FLAOAO,5.19999980927
20180525,10:53:52,3163,0.878611111111,2561,0.711388888889,475,96,379,126,LBTI,FLAOAO,5.5
20180527,04:32:50,729,0.2025,131,0.0363888888889,594,99,495,3,LBTI,FLAOAO,1.86000001431
20180527,04:53:46,11098,3.08277777778,10899,3.0275,198,109,89,0,LBTI,FLAOAO,6.09000015259
20180527,07:59:03,1057,0.293611111111,531,0.1475,319,121,198,206,LBTI,FLAOAO,6.28000020981
20180527,08:16:52,1367,0.379722222222,1172,0.325555555556,105,85,19,90,LBTI,FLAOAO,6.28000020981
20180527,08:48:50,11216,3.11555555556,10273,2.85361111111,213,115,97,729,LBTI,FLAOAO,6.28000020981
20180528,02:25:59,1721,0.478055555556,1051,0.291944444444,652,138,513,17,LBTI,FLAOAO,2.88000011444
20180528,02:56:14,5125,1.42361111111,4935,1.37083333333,174,101,73,15,LBTI,FLAOAO,5.94999980927
20180528,04:25:33,6455,1.79305555556,5708,1.58555555556,322,102,219,424,LBTI,FLAOAO,7.44999980927
20180528,06:18:23,1445,0.401388888889,1069,0.296944444444,216,114,101,159,LBTI,FLAOAO,7.44999980927
20180528,06:45:31,3123,0.8675,2618,0.727222222222,245,69,175,260,LBTI,FLAOAO,5.32999992371
20180528,08:06:03,2824,0.784444444444,2181,0.605833333333,304,99,204,339,LBTI,FLAOAO,5.32999992371
20180528,08:53:24,10768,2.99111111111,9695,2.69305555556,292,104,188,780,LBTI,FLAOAO,5.59000015259
20180529,02:26:55,1670,0.463888888889,708,0.196666666667,923,171,751,38,LBTI,FLAOAO,1.76999998093
20180529,02:59:50,8973,2.4925,8116,2.25444444444,216,140,76,641,LBTI,FLAOAO,7.28000020981
20180529,05:34:29,213,0.0591666666667,7,0.00194444444444,206,141,65,0,LBTI,FLAOAO,5.63999986649
20180529,05:38:52,14015,3.89305555556,12464,3.46222222222,358,161,197,1191,LBTI,FLAOAO,3.75
20180529,09:34:55,8606,2.39055555556,7667,2.12972222222,253,152,100,685,LBTI,FLAOAO,4.94999980927
20180530,02:52:05,2450,0.680555555556,2268,0.63,137,100,37,44,LBTI,FLAOAO,1.76999998093
20180530,06:12:48,968,0.268888888889,317,0.0880555555556,643,115,527,7,LBTI,FLAOAO,1.76999998093
20180530,06:50:09,711,0.1975,465,0.129166666667,242,110,131,3,LBTI,FLAOAO,3.18000006676
20180530,07:20:45,2495,0.693055555556,1926,0.535,204,111,93,364,LBTI,FLAOAO,11.0
20180530,08:05:48,4647,1.29083333333,3946,1.09611111111,317,131,186,382,LBTI,FLAOAO,2.75
20180530,09:41:02,3426,0.951666666667,2503,0.695277777778,435,149,285,488,LBTI,FLAOAO,6.84999990463
20180530,10:38:19,1986,0.551666666667,1553,0.431388888889,172,94,78,260,LBTI,FLAOAO,5.86000013351
20180530,11:12:42,2819,0.783055555556,2196,0.61,197,118,78,426,LBTI,FLAOAO,6.84999990463
20180531,02:28:58,1870,0.519444444444,856,0.237777777778,857,166,690,156,LBTI,FLAOAO,2.13000011444
20180531,03:17:34,7326,2.035,6728,1.86888888889,423,238,184,174,LBTI,FLAOAO,14.7399997711
20180531,05:20:01,895,0.248611111111,539,0.149722222222,314,207,107,40,LBTI,FLAOAO,2.75
20180531,05:40:38,3557,0.988055555556,3092,0.858888888889,211,134,77,253,LBTI,FLAOAO,2.75
20180531,06:41:37,1115,0.309722222222,714,0.198333333333,281,167,113,120,LBTI,FLAOAO,3.52999997139
20180531,07:00:41,4317,1.19916666667,3938,1.09388888889,234,144,89,143,LBTI,FLAOAO,4.61999988556
20180531,08:14:22,595,0.165277777778,308,0.0855555555556,287,102,184,0,LBTI,FLAOAO,11.0
20180531,08:30:51,2033,0.564722222222,1816,0.504444444444,192,157,35,23,LBTI,FLAOAO,9.5
20180531,09:04:59,1407,0.390833333333,1204,0.334444444444,190,136,53,12,LBTI,FLAOAO,9.5
20180531,09:28:50,1895,0.526388888889,1672,0.464444444444,171,109,61,51,LBTI,FLAOAO,9.5
20180531,10:00:49,2012,0.558888888889,1826,0.507222222222,173,117,56,12,LBTI,FLAOAO,9.5
20180531,10:40:09,369,0.1025,24,0.00666666666667,345,105,240,0,LBTI,FLAOAO,1.25
20180531,10:47:32,4069,1.13027777778,3809,1.05805555556,175,136,38,84,LBTI,FLAOAO,1.25
20180601,03:16:33,2000,0.555555555556,1671,0.464166666667,223,140,82,105,LBTI,FLAOAO,1.86000001431
20180601,03:56:21,1299,0.360833333333,984,0.273333333333,227,126,101,88,LBTI,FLAOAO,6.09999990463
20180601,04:29:28,3080,0.855555555556,2783,0.773055555556,228,144,83,69,LBTI,FLAOAO,1.86000001431
20180601,05:23:48,1297,0.360277777778,969,0.269166666667,317,115,201,10,LBTI,FLAOAO,2.74000000954
20180601,05:46:02,470,0.130555555556,147,0.0408333333333,322,200,121,0,LBTI,FLAOAO,12.2399997711
20180601,05:55:25,10876,3.02111111111,10477,2.91027777778,237,154,82,161,LBTI,FLAOAO,13.2399997711
20180601,09:04:36,1254,0.348333333333,948,0.263333333333,279,144,134,26,LBTI,FLAOAO,13.1899995804
20180601,09:36:15,7085,1.96805555556,6720,1.86666666667,256,199,57,107,LBTI,FLAOAO,13.1899995804
20180602,03:01:04,7164,1.99,6975,1.9375,189,136,52,0,LBTI,FLAOAO,5.21999979019
20180602,05:00:44,1895,0.526388888889,1627,0.451944444444,268,146,121,0,LBTI,FLAOAO,5.96999979019
20180602,05:32:38,6652,1.84777777778,6061,1.68361111111,590,155,434,0,LBTI,FLAOAO,5.96999979019
20180602,07:23:49,1044,0.29,787,0.218611111111,257,151,105,0,LBTI,FLAOAO,5.5
20180602,07:41:23,736,0.204444444444,469,0.130277777778,266,130,136,0,LBTI,FLAOAO,5.5
20180602,08:03:45,2868,0.796666666667,2391,0.664166666667,374,120,253,103,LBTI,FLAOAO,4.44999980927
20180602,08:52:42,9974,2.77055555556,9345,2.59583333333,383,135,247,245,LBTI,FLAOAO,5.80000019073
20180603,02:50:01,1416,0.393333333333,869,0.241388888889,546,376,170,0,FLAO,FLAOAO,9.80000019073
20180604,02:51:24,1003,0.278611111111,398,0.110555555556,605,369,235,0,FLAO,FLAOAO,9.80000019073
20180627,06:47:56,2766,0.768333333333,2164,0.601111111111,376,295,81,225,FLAO,FLAOAO,14.3800001144
20180627,07:34:09,2744,0.762222222222,2204,0.612222222222,309,250,58,231,FLAO,FLAOAO,14.3800001144
20180627,08:21:59,5194,1.44277777778,4336,1.20444444444,378,253,124,478,FLAO,FLAOAO,14.6099996567
20180627,10:10:57,3703,1.02861111111,2951,0.819722222222,369,286,83,382,FLAO,FLAOTT,13.5
20180628,07:56:02,6039,1.6775,4667,1.29638888889,1027,322,705,345,FLAO,FLAOAO,14.6099996567
20180628,10:56:43,2456,0.682222222222,1702,0.472777777778,498,403,95,254,FLAO,FLAOTT,13.5
20180629,09:20:20,1045,0.290277777778,633,0.175833333333,412,310,101,0,FLAO,FLAOTT,13.5
20180629,09:56:30,4103,1.13972222222,3582,0.995,336,273,62,184,FLAO,FLAOTT,13.5
20180630,09:33:36,4549,1.26361111111,3946,1.09611111111,421,419,1,182,FLAO,FLAOTT,13.5
20180701,04:09:11,1746,0.485,1094,0.303888888889,626,531,94,25,FLAO,FLAOTT,14.6800003052
20180922,03:20:46,578,0.160555555556,172,0.0477777777778,405,334,71,0,FLAO,FLAOTT,12.5
20180923,02:13:15,504,0.14,25,0.00694444444444,479,341,137,0,FLAO,FLAOAO,8.0
20180923,02:32:47,8096,2.24888888889,7506,2.085,549,356,192,41,FLAO,FLAOAO,8.0
20180923,04:48:26,721,0.200277777778,163,0.0452777777778,504,375,129,54,FLAO,FLAOTT,8.0
20180923,05:00:40,659,0.183055555556,48,0.0133333333333,592,380,211,18,FLAO,FLAOAO,8.0
20180923,05:28:46,1627,0.451944444444,879,0.244166666667,482,348,133,266,FLAO,FLAOAO,10.5
20180923,07:19:52,696,0.193333333333,123,0.0341666666667,542,324,217,30,FLAO,FLAOAO,7.0
20180927,03:12:50,5836,1.62111111111,4855,1.34861111111,377,325,52,603,FLAO,FLAOAO,8.64000034332
20181024,08:33:16,576,0.16,292,0.0811111111111,284,101,183,0,LBTI,FLAOAO,0.860000014305
20181024,09:07:25,2421,0.6725,2078,0.577222222222,258,186,71,84,LBTI,FLAOAO,0.860000014305
20181024,09:51:42,1224,0.34,655,0.181944444444,547,163,383,21,LBTI,FLAOAO,7.15999984741
20181024,10:12:33,7336,2.03777777778,6189,1.71916666667,349,156,193,797,LBTI,FLAOAO,15.6000003815
20181025,01:22:34,1315,0.365277777778,287,0.0797222222222,1018,185,833,9,LBTI,FLAOAO,0.759999990463
20181025,01:54:51,2406,0.668333333333,1966,0.546111111111,323,196,126,116,LBTI,FLAOAO,8.0
20181025,02:40:30,734,0.203888888889,411,0.114166666667,271,134,137,52,LBTI,FLAOAO,8.0
20181025,02:54:21,2937,0.815833333333,2470,0.686111111111,295,229,66,171,LBTI,FLAOAO,8.0
20181025,03:45:01,4138,1.14944444444,3548,0.985555555556,320,234,85,270,LBTI,FLAOAO,8.0
20181025,04:56:55,484,0.134444444444,203,0.0563888888889,222,155,67,58,LBTI,FLAOAO,8.0
20181025,05:35:46,13189,3.66361111111,11543,3.20638888889,398,154,244,1246,LBTI,FLAOAO,6.67000007629
20181025,09:19:50,5993,1.66472222222,5171,1.43638888889,232,181,51,589,LBTI,FLAOAO,8.0
20181025,11:02:56,7833,2.17583333333,6961,1.93361111111,251,149,102,619,LBTI,FLAOAO,6.84000015259
20181026,00:53:14,1017,0.2825,80,0.0222222222222,911,181,729,25,LBTI,FLAOAO,0.759999990463
20181026,01:13:03,565,0.156944444444,294,0.0816666666667,264,147,116,5,LBTI,FLAOAO,6.17999982834
20181026,01:22:47,5195,1.44305555556,4426,1.22944444444,364,205,159,404,LBTI,FLAOAO,6.17999982834
20181026,02:51:43,399,0.110833333333,183,0.0508333333333,215,124,91,0,LBTI,FLAOAO,6.17999982834
20181026,02:59:39,518,0.143888888889,242,0.0672222222222,265,166,99,10,LBTI,FLAOAO,6.17999982834
20181026,04:32:17,2064,0.573333333333,1593,0.4425,329,143,186,141,LBTI,FLAOAO,6.17999982834
20181026,05:10:03,948,0.263333333333,371,0.103055555556,563,140,423,13,LBTI,FLAOAO,7.48999977112
20181026,06:04:52,545,0.151388888889,264,0.0733333333333,280,135,145,0,LBTI,FLAOAO,7.48999977112
20181026,06:37:10,7999,2.22194444444,7305,2.02916666667,236,170,65,457,LBTI,FLAOAO,7.48999977112
20181026,08:54:53,921,0.255833333333,589,0.163611111111,318,150,168,13,LBTI,FLAOAO,5.28000020981
20181026,09:10:23,489,0.135833333333,301,0.0836111111111,187,109,78,0,LBTI,FLAOAO,5.28000020981
20181027,02:11:57,4188,1.16333333333,3496,0.971111111111,596,138,458,95,LBTI,FLAOAO,6.94999980927
20181027,03:23:04,1326,0.368333333333,1049,0.291388888889,232,138,94,44,LBTI,FLAOAO,6.94999980927
20181027,03:47:35,1060,0.294444444444,842,0.233888888889,203,108,94,14,LBTI,FLAOAO,6.94999980927
20181027,04:07:57,824,0.228888888889,559,0.155277777778,255,171,83,10,LBTI,FLAOAO,6.94999980927
20181027,04:49:35,796,0.221111111111,574,0.159444444444,222,150,71,0,LBTI,FLAOAO,6.94999980927
20181027,11:54:16,757,0.210277777778,430,0.119444444444,291,136,154,35,LBTI,FLAOAO,5.25
20181027,12:08:17,4109,1.14138888889,2970,0.825,136,122,14,1002,LBTI,FLAOAO,5.25
20181029,03:27:24,1011,0.280833333333,770,0.213888888889,169,128,40,71,LBTI,FLAOAO,2.42000007629
20181029,03:51:27,862,0.239444444444,561,0.155833333333,282,230,51,19,LBTI,FLAOAO,16.1000003815
20181029,04:07:24,1528,0.424444444444,1269,0.3525,188,128,60,71,LBTI,FLAOAO,16.1000003815
20181101,01:07:01,837,0.2325,271,0.0752777777778,566,343,222,0,FLAO,FLAOAO,8.10999965668
20181101,01:37:06,931,0.258611111111,188,0.0522222222222,743,401,341,0,FLAO,FLAOAO,8.64000034332
20181101,02:26:50,5068,1.40777777778,4489,1.24694444444,400,282,117,179,FLAO,FLAOAO,8.64000034332
20181101,04:20:48,889,0.246944444444,223,0.0619444444444,618,539,79,48,FLAO,FLAOAO,12.1599998474
20181101,04:35:46,7200,2.0,6822,1.895,378,316,62,0,FLAO,FLAOAO,12.1599998474
20181101,06:44:50,2185,0.606944444444,1498,0.416111111111,686,309,377,0,FLAO,FLAOAO,15.8000001907
20181102,01:28:55,744,0.206666666667,206,0.0572222222222,537,295,242,0,FLAO,FLAOAO,7.0
20181102,01:57:43,1096,0.304444444444,76,0.0211111111111,1019,356,663,0,FLAO,FLAOAO,15.9300003052
20181102,02:17:57,2036,0.565555555556,1592,0.442222222222,276,188,87,167,FLAO,FLAOAO,15.9309997559
20181103,01:24:16,3385,0.940277777778,2618,0.727222222222,767,387,379,0,FLAO,FLAOAO,11.6999998093
20181106,00:52:36,1044,0.29,411,0.114166666667,632,342,290,0,FLAO,FLAOAO,8.85000038147
20181108,02:09:56,1275,0.354166666667,933,0.259166666667,330,328,1,11,FLAO,FLAOAO,8.64000034332
20181108,03:17:29,4508,1.25222222222,3258,0.905,679,297,382,571,FLAO,FLAOAO,8.64000034332
20181108,04:48:39,4533,1.25916666667,3395,0.943055555556,593,261,332,544,FLAO,FLAOAO,8.5
20181109,06:45:38,5191,1.44194444444,3851,1.06972222222,748,401,346,591,FLAO,FLAOAO,7.80000019073
20181109,09:39:24,1772,0.492222222222,1241,0.344722222222,505,272,233,25,FLAO,FLAOAO,15.3199996948
20181109,10:09:01,2377,0.660277777778,1384,0.384444444444,415,285,129,578,FLAO,FLAOAO,15.9300003052
20181109,11:07:49,1256,0.348888888889,311,0.0863888888889,919,241,677,25,FLAO,FLAOAO,15.3199996948
20181110,01:05:40,783,0.2175,81,0.0225,701,447,254,0,FLAO,FLAOAO,6.40999984741
20181110,08:48:38,3140,0.872222222222,2254,0.626111111111,748,641,106,137,FLAO,FLAOAO,8.5
20181117,10:00:14,1604,0.445555555556,640,0.177777777778,936,270,665,27,FLAO,FLAOTT,12.8599996567
20181117,10:28:51,4096,1.13777777778,3288,0.913333333333,425,256,168,383,FLAO,FLAOTT,12.8599996567
20181120,12:27:44,859,0.238611111111,351,0.0975,470,284,186,37,FLAO,FLAOTT,14.3599996567
20181122,00:45:12,2726,0.757222222222,1911,0.530833333333,814,727,87,0,FLAO,FLAOAO,6.51999998093
20181122,01:45:33,1246,0.346111111111,776,0.215555555556,448,319,128,21,FLAO,FLAOAO,12.3000001907
20181124,01:08:00,2108,0.585555555556,1620,0.45,477,400,77,9,FLAO,FLAOAO,13.8000001907
20181124,01:57:18,8623,2.39527777778,7852,2.18111111111,589,408,181,181,FLAO,FLAOAO,13.8000001907
20181124,04:45:18,9840,2.73333333333,9257,2.57138888889,456,386,69,127,FLAO,FLAOAO,12.8000001907
20181125,00:46:44,0,0.0,-442,-0.122777777778,442,361,80,0,FLAO,FLAOAO,8.27000045776
20181125,07:15:05,2353,0.653611111111,1386,0.385,907,332,575,58,FLAO,FLAOAO,9.60000038147
20181125,08:03:25,3135,0.870833333333,2674,0.742777777778,408,285,123,51,FLAO,FLAOAO,14.1000003815
20181126,01:34:27,7637,2.12138888889,7139,1.98305555556,414,347,67,82,FLAO,FLAOAO,13.1999998093
20181126,03:45:25,7112,1.97555555556,6429,1.78583333333,600,358,241,83,FLAO,FLAOAO,12.1059999466
20181126,05:51:42,6684,1.85666666667,6199,1.72194444444,403,338,65,80,FLAO,FLAOAO,12.5190000534
20181126,09:49:34,2350,0.652777777778,2007,0.5575,326,261,64,17,FLAO,FLAOAO,14.1000003815
20181127,00:49:26,495,0.1375,82,0.0227777777778,412,344,68,0,FLAO,FLAOAO,8.27000045776
20181127,01:11:04,3980,1.10555555556,3247,0.901944444444,414,317,97,318,FLAO,FLAOTT,10.7299995422
20181127,02:37:52,1995,0.554166666667,1337,0.371388888889,527,427,99,130,FLAO,FLAOTT,15.279999733
20181127,03:15:22,1794,0.498333333333,1103,0.306388888889,595,416,178,95,FLAO,FLAOTT,15.279999733
20181127,04:04:54,1838,0.510555555556,1218,0.338333333333,523,412,110,97,FLAO,FLAOTT,15.279999733
20181127,04:40:57,4648,1.29111111111,3874,1.07611111111,388,319,69,385,FLAO,FLAOTT,12.8599996567
20181127,06:24:16,1579,0.438611111111,1038,0.288333333333,436,306,130,104,FLAO,FLAOTT,10.9300003052
20181127,06:51:59,661,0.183611111111,254,0.0705555555556,364,287,76,42,FLAO,FLAOTT,10.9300003052
20181127,08:57:29,16144,4.48444444444,15549,4.31916666667,402,323,79,192,FLAO,FLAOAO,14.1000003815
20181128,01:55:32,0,0.0,-380,-0.105555555556,380,310,70,0,FLAO,FLAOAO,8.27000045776
20181213,00:46:24,495,0.1375,24,0.00666666666667,471,323,148,0,FLAO,FLAOAO,8.52999973297
20181214,00:42:58,379,0.105277777778,13,0.00361111111111,366,289,76,0,FLAO,FLAOAO,8.31999969482
20181216,08:35:51,1608,0.446666666667,1096,0.304444444444,448,181,267,63,LBTI,FLAOAO,8.0
20181216,09:39:58,9251,2.56972222222,8678,2.41055555556,267,173,94,306,LBTI,FLAOAO,8.0
20181223,00:54:02,5943,1.65083333333,5653,1.57027777778,286,141,145,3,LBTI,FLAOAO,2.05999994278
20181223,02:34:56,2238,0.621666666667,1807,0.501944444444,430,110,319,0,LBTI,FLAOAO,6.28999996185
20181223,03:12:31,3132,0.87,2629,0.730277777778,502,111,391,0,LBTI,FLAOAO,7.21000003815
20181223,04:05:41,3952,1.09777777778,2817,0.7825,1135,113,1021,0,LBTI,FLAOAO,9.63000011444
20181223,05:30:20,654,0.181666666667,331,0.0919444444444,319,59,260,3,LBTI,FLAOAO,2.99000000954
20181223,07:47:03,1869,0.519166666667,430,0.119444444444,1439,133,1306,0,LBTI,FLAOAO,9.17000007629
20181223,08:18:41,1639,0.455277777778,766,0.212777777778,696,105,591,175,LBTI,FLAOAO,4.30999994278
20181223,08:51:33,8954,2.48722222222,8628,2.39666666667,125,76,49,200,LBTI,FLAOAO,4.30999994278
20181224,00:37:17,612,0.17,94,0.0261111111111,508,93,414,9,LBTI,FLAOAO,5.94999980927
20181224,03:48:04,1692,0.47,1331,0.369722222222,360,147,213,0,LBTI,FLAOAO,7.0
20181224,04:50:36,3403,0.945277777778,2255,0.626388888889,878,200,678,269,LBTI,FLAOAO,5.13000011444
20181224,06:05:24,6721,1.86694444444,5695,1.58194444444,218,138,80,808,LBTI,FLAOAO,8.27000045776
20181224,07:58:08,6225,1.72916666667,5215,1.44861111111,999,217,782,10,LBTI,FLAOAO,13.1000003815
20181224,09:55:18,4161,1.15583333333,3846,1.06833333333,277,116,161,36,LBTI,FLAOAO,5.73000001907
20181224,11:05:12,2518,0.699444444444,2229,0.619166666667,233,133,99,55,LBTI,FLAOAO,5.73000001907
20181224,12:01:47,1938,0.538333333333,1516,0.421111111111,348,98,249,74,LBTI,FLAOAO,3.31999993324
20181224,12:34:33,4805,1.33472222222,3870,1.075,272,97,174,663,LBTI,FLAOAO,4.80000019073
20181225,00:29:59,1112,0.308888888889,606,0.168333333333,497,111,385,9,LBTI,FLAOAO,2.05999994278
20181225,01:01:57,244,0.0677777777778,81,0.0225,162,118,43,0,LBTI,FLAOAO,3.47000002861
20181225,01:22:50,5963,1.65638888889,5476,1.52111111111,395,216,178,91,LBTI,FLAOAO,12.0
20181225,03:02:29,3177,0.8825,2921,0.811388888889,249,116,133,6,LBTI,FLAOAO,7.57999992371
20181225,03:55:51,3904,1.08444444444,3266,0.907222222222,638,138,500,0,LBTI,FLAOAO,12.0
20181225,05:01:14,6752,1.87555555556,4911,1.36416666667,613,120,492,1228,LBTI,FLAOAO,7.57999992371
20181225,07:52:35,5328,1.48,4900,1.36111111111,131,98,32,296,LBTI,FLAOAO,4.0
20181225,09:28:48,11167,3.10194444444,10722,2.97833333333,214,150,63,230,LBTI,FLAOAO,4.0
20181230,06:38:54,6903,1.9175,6004,1.66777777778,502,128,374,396,LBTI,FLAOAO,2.69000005722
20181230,08:41:01,3698,1.02722222222,3363,0.934166666667,187,126,61,146,LBTI,FLAOAO,2.69000005722
20181230,09:55:09,6572,1.82555555556,5872,1.63111111111,252,120,132,447,LBTI,FLAOAO,4.30999994278
20181230,11:45:08,4563,1.2675,4178,1.16055555556,264,109,155,120,LBTI,FLAOAO,5.73000001907
20181230,13:01:29,1352,0.375555555556,1106,0.307222222222,231,97,134,14,LBTI,FLAOAO,2.13000011444
20181230,13:26:44,1551,0.430833333333,1365,0.379166666667,167,109,57,17,LBTI,FLAOAO,6.19000005722
20190104,00:54:54,393,0.109166666667,50,0.0138888888889,342,249,93,0,FLAO,FLAOAO,8.31999969482
20190105,00:53:42,515,0.143055555556,289,0.0802777777778,225,158,67,0,LBTI,FLAOAO,2.52999997139
20190105,01:04:45,3359,0.933055555556,3122,0.867222222222,236,110,126,0,LBTI,FLAOAO,12.0
20190105,02:02:18,2643,0.734166666667,2414,0.670555555556,228,137,90,0,LBTI,FLAOAO,7.57999992371
20190105,02:46:25,4194,1.165,3903,1.08416666667,290,104,185,0,LBTI,FLAOAO,12.0
20190105,03:56:34,4018,1.11611111111,3716,1.03222222222,288,77,210,13,LBTI,FLAOAO,7.57999992371
20190105,05:04:54,4295,1.19305555556,3415,0.948611111111,863,139,723,16,LBTI,FLAOAO,8.27000045776
20190105,06:16:40,4107,1.14083333333,3724,1.03444444444,382,172,210,0,LBTI,FLAOAO,6.19000005722
20190108,01:07:23,2294,0.637222222222,2014,0.559444444444,202,73,129,77,LBTI,FLAOAO,6.01999998093
20190108,01:45:49,3661,1.01694444444,3163,0.878611111111,316,97,218,181,LBTI,FLAOAO,0.860000014305
20190108,02:47:05,5746,1.59611111111,5341,1.48361111111,234,99,135,170,LBTI,FLAOAO,6.15999984741
20190108,04:24:51,6402,1.77833333333,6050,1.68055555556,189,127,61,162,LBTI,FLAOAO,7.05000019073
20190108,06:11:51,4095,1.1375,3902,1.08388888889,137,74,62,55,LBTI,FLAOAO,7.34000015259
20190109,10:33:16,4798,1.33277777778,4049,1.12472222222,440,250,190,307,FLAO,FLAOTT,12.2700004578
20190124,01:33:58,1370,0.380555555556,674,0.187222222222,680,404,275,15,FLAO,FLAOTT,13.8400001526
20190124,02:14:46,15263,4.23972222222,14084,3.91222222222,689,272,416,490,FLAO,FLAOTT,11.3400001526
20190124,09:27:31,8266,2.29611111111,7030,1.95277777778,917,490,427,318,FLAO,FLAOTT,15.8999996185
20190124,11:53:30,824,0.228888888889,413,0.114722222222,394,247,146,16,FLAO,FLAOTT,15.8999996185
20190124,13:01:42,2238,0.621666666667,1689,0.469166666667,462,329,132,87,FLAO,FLAOTT,15.8999996185
20190125,01:22:44,1395,0.3875,961,0.266944444444,434,323,110,0,FLAO,FLAOAO,8.17000007629
20190125,02:15:19,2380,0.661111111111,1885,0.523611111111,495,267,227,0,FLAO,FLAOTT,11.9300003052
20190125,02:55:04,2361,0.655833333333,1957,0.543611111111,307,244,63,96,FLAO,FLAOTT,11.9300003052
20190125,03:34:30,1174,0.326111111111,682,0.189444444444,371,257,113,121,FLAO,FLAOTT,14.0600004196
20190125,05:56:35,5291,1.46972222222,4803,1.33416666667,311,281,29,176,FLAO,FLAOTT,14.0600004196
20190127,01:23:11,438,0.121666666667,18,0.005,420,285,135,0,FLAO,FLAOAO,8.52999973297
20190127,11:43:25,7803,2.1675,6852,1.90333333333,376,311,65,574,FLAO,FLAOAO,7.18499994278
20190212,04:58:02,11682,3.245,9757,2.71027777778,464,303,161,1460,FLAO,FLAOTT,15.4899997711
20190212,10:39:07,2095,0.581944444444,970,0.269444444444,1094,422,672,30,FLAO,FLAOTT,11.9370002747
20190212,11:14:08,2782,0.772777777778,2347,0.651944444444,331,262,69,103,FLAO,FLAOTT,11.9370002747
20190224,02:49:38,554,0.153888888889,104,0.0288888888889,313,189,124,136,LBTI,FLAOAO,1.91999995708
20190224,02:59:21,1147,0.318611111111,160,0.0444444444444,987,239,747,0,LBTI,FLAOAO,16.1800003052
20190224,03:18:32,8696,2.41555555556,7948,2.20777777778,574,396,177,174,LBTI,FLAOAO,16.1800003052
20190224,05:53:40,2252,0.625555555556,1760,0.488888888889,405,159,246,86,LBTI,FLAOAO,5.11000013351
20190224,07:39:29,962,0.267222222222,245,0.0680555555556,705,148,557,11,LBTI,FLAOAO,14.5699996948
20190224,07:59:28,6181,1.71694444444,5748,1.59666666667,312,153,159,119,LBTI,FLAOAO,14.5699996948
20190224,09:43:14,6515,1.80972222222,5992,1.66444444444,387,179,207,135,LBTI,FLAOAO,15.5900001526
20190224,11:32:03,5981,1.66138888889,5536,1.53777777778,334,133,200,110,LBTI,FLAOAO,14.8299999237
20190225,01:25:04,1138,0.316111111111,239,0.0663888888889,888,153,734,9,LBTI,FLAOAO,1.91999995708
20190225,01:45:55,651,0.180833333333,310,0.0861111111111,341,151,189,0,LBTI,FLAOAO,13.1000003815
20190225,02:04:03,596,0.165555555556,234,0.065,362,122,240,0,LBTI,FLAOAO,13.1000003815
20190225,02:14:18,1543,0.428611111111,1122,0.311666666667,354,114,239,67,LBTI,FLAOAO,6.75
20190225,02:40:29,715,0.198611111111,489,0.135833333333,199,118,81,25,LBTI,FLAOAO,8.42000007629
20190225,02:52:42,777,0.215833333333,457,0.126944444444,268,185,83,51,LBTI,FLAOAO,6.75
20190225,03:05:58,13390,3.71944444444,12616,3.50444444444,185,115,69,588,LBTI,FLAOAO,8.42000007629
20190225,06:49:29,1437,0.399166666667,1069,0.296944444444,329,87,242,38,LBTI,FLAOAO,6.94999980927
20190225,07:13:41,10745,2.98472222222,9548,2.65222222222,288,87,201,908,LBTI,FLAOAO,6.01000022888
20190225,10:13:26,11386,3.16277777778,9763,2.71194444444,290,94,196,1333,LBTI,FLAOAO,4.82000017166
20190228,01:53:41,1351,0.375277777778,206,0.0572222222222,1144,327,816,0,FLAO,FLAOAO,6.40000009537
20190228,02:24:48,1483,0.411944444444,700,0.194444444444,754,488,265,28,FLAO,FLAOAO,15.3199996948
20190228,02:49:37,481,0.133611111111,22,0.00611111111111,459,252,207,0,FLAO,FLAOAO,15.9300003052
20190228,02:57:43,616,0.171111111111,239,0.0663888888889,348,250,97,28,FLAO,FLAOAO,15.3199996948
20190228,03:08:03,2449,0.680277777778,1659,0.460833333333,375,245,129,415,FLAO,FLAOAO,15.9300003052
20190228,03:48:56,592,0.164444444444,261,0.0725,298,243,54,32,FLAO,FLAOAO,15.3199996948
20190228,03:58:54,742,0.206111111111,310,0.0861111111111,406,234,171,25,FLAO,FLAOAO,13.75
20190228,04:11:25,1074,0.298333333333,534,0.148333333333,517,273,244,22,FLAO,FLAOAO,13.75
20190228,04:29:24,883,0.245277777778,327,0.0908333333333,527,291,236,27,FLAO,FLAOAO,13.75
20190228,08:53:59,1523,0.423055555556,1109,0.308055555556,361,281,80,51,FLAO,FLAOAO,15.5200004578
20190228,09:19:26,3337,0.926944444444,2370,0.658333333333,513,315,197,454,FLAO,FLAOAO,13.1099996567
20190228,10:15:07,604,0.167777777778,267,0.0741666666667,311,267,44,25,FLAO,FLAOAO,15.5200004578
20190228,10:34:01,587,0.163055555556,270,0.075,290,243,46,27,FLAO,FLAOAO,15.6499996185
20190228,10:43:52,3108,0.863333333333,2313,0.6425,329,292,37,464,FLAO,FLAOAO,12.9399995804
20190228,11:42:45,644,0.178888888889,277,0.0769444444444,341,289,51,26,FLAO,FLAOAO,15.6499996185
20190320,04:06:04,1274,0.353888888889,966,0.268333333333,307,260,46,0,FLAO,FLAOTT,10.529999733
20190320,04:27:24,513,0.1425,23,0.00638888888889,490,341,149,0,FLAO,FLAOTT,10.529999733
20190320,04:49:41,3777,1.04916666667,3407,0.946388888889,275,232,43,93,FLAO,FLAOTT,10.529999733
20190320,06:27:52,1949,0.541388888889,198,0.055,1751,192,1559,0,FLAO,FLAOTT,10.529999733
20190320,07:02:26,1775,0.493055555556,1118,0.310555555556,182,133,48,474,FLAO,FLAOTT,10.529999733
20190320,07:32:05,7298,2.02722222222,6683,1.85638888889,311,217,94,302,FLAO,FLAOTT,10.529999733
20190320,09:38:20,369,0.1025,49,0.0136111111111,320,227,92,0,FLAO,FLAOTT,10.529999733
20190320,09:44:43,688,0.191111111111,389,0.108055555556,277,233,44,21,FLAO,FLAOTT,10.529999733
20190320,10:02:34,5405,1.50138888889,4875,1.35416666667,369,269,100,160,FLAO,FLAOTT,10.529999733
20190320,12:27:24,588,0.163333333333,239,0.0663888888889,331,276,54,17,FLAO,FLAOTT,14.8599996567
20190323,04:15:09,8934,2.48166666667,8219,2.28305555556,493,386,106,220,FLAO,FLAOTT,13.7700004578
20190323,11:34:57,2243,0.623055555556,1583,0.439722222222,519,389,130,140,FLAO,FLAOTT,13.5699996948
20190324,04:25:42,403,0.111944444444,29,0.00805555555556,373,270,102,0,FLAO,FLAOTT,13.5799999237
20190324,04:33:07,2236,0.621111111111,1744,0.484444444444,335,274,61,156,FLAO,FLAOTT,13.5799999237
20190325,02:01:41,1362,0.378333333333,860,0.238888888889,501,356,145,0,FLAO,FLAOAO,10.5
20190325,04:54:23,8428,2.34111111111,6899,1.91638888889,648,623,25,880,FLAO,FLAOTT,13.5799999237
20190326,02:21:18,10666,2.96277777778,8699,2.41638888889,621,207,413,1346,FLAO,FLAOTT,10.8400001526
20190326,06:04:24,1505,0.418055555556,580,0.161111111111,898,724,173,25,FLAO,FLAOTT,13.9300003052
20190326,06:29:37,8772,2.43666666667,8184,2.27333333333,316,278,38,272,FLAO,FLAOTT,13.9300003052
20190326,09:21:46,9913,2.75361111111,9271,2.57527777778,392,265,127,249,FLAO,FLAOTT,13.9300003052
20190418,09:08:28,3232,0.897777777778,2073,0.575833333333,1095,319,775,63,LBTI,FLAOAO,2.24000000954
20190418,10:02:35,8645,2.40138888889,7444,2.06777777778,343,101,242,857,LBTI,FLAOAO,9.64999961853
20190419,02:22:00,2333,0.648055555556,1107,0.3075,1226,153,1072,0,LBTI,FLAOAO,5.48999977112
20190419,03:01:39,6526,1.81277777778,6205,1.72361111111,306,103,203,14,LBTI,FLAOAO,8.06999969482
20190419,04:50:42,1288,0.357777777778,1050,0.291666666667,237,95,141,0,LBTI,FLAOAO,5.48999977112
20190419,05:14:13,494,0.137222222222,304,0.0844444444444,189,90,98,0,LBTI,FLAOAO,8.06999969482
20190419,05:31:08,11148,3.09666666667,11033,3.06472222222,100,33,66,14,LBTI,FLAOAO,6.48999977112
20190419,08:41:24,2381,0.661388888889,1812,0.503333333333,552,336,215,16,LBTI,FLAOAO,7.25
20190419,09:22:38,5736,1.59333333333,4952,1.37555555556,517,272,244,265,LBTI,FLAOAO,12.1099996567
20190419,11:32:21,3910,1.08611111111,3220,0.894444444444,690,160,529,0,LBTI,FLAOAO,4.80999994278
20190420,02:02:27,4965,1.37916666667,3377,0.938055555556,1257,155,1102,330,LBTI,FLAOAO,2.36999988556
20190420,03:25:54,3156,0.876666666667,2757,0.765833333333,174,123,50,224,LBTI,FLAOAO,2.36999988556
20190420,04:22:24,2002,0.556111111111,1653,0.459166666667,227,97,130,121,LBTI,FLAOAO,5.11000013351
20190420,04:56:09,2015,0.559722222222,1769,0.491388888889,234,109,125,11,LBTI,FLAOAO,2.36999988556
20190420,05:33:35,3190,0.886111111111,2891,0.803055555556,275,98,176,23,LBTI,FLAOAO,6.80000019073
20190420,06:27:48,4333,1.20361111111,3925,1.09027777778,361,129,232,46,LBTI,FLAOAO,7.25
20190420,07:40:10,1647,0.4575,1279,0.355277777778,322,134,188,45,LBTI,FLAOAO,7.11999988556
20190420,10:14:27,3675,1.02083333333,3380,0.938888888889,233,139,94,61,LBTI,FLAOAO,7.40999984741
20190421,07:32:57,387,0.1075,205,0.0569444444444,181,117,64,0,LBTI,FLAOAO,1.86000001431
20190421,07:39:38,1304,0.362222222222,931,0.258611111111,306,89,217,66,LBTI,FLAOAO,4.82000017166
20190421,08:02:25,6635,1.84305555556,5853,1.62583333333,118,69,49,663,LBTI,FLAOAO,4.82000017166
20190421,11:17:26,4189,1.16361111111,3383,0.939722222222,682,121,561,123,LBTI,FLAOAO,8.25
20190427,09:07:25,9991,2.77527777778,8781,2.43916666667,749,332,416,461,FLAO,FLAOTT,14.4200000763
20190428,06:33:36,9950,2.76388888889,9316,2.58777777778,421,337,84,212,FLAO,FLAOTT,15.7700004578
20190428,09:53:00,5396,1.49888888889,4916,1.36555555556,315,304,10,164,FLAO,FLAOTT,14.9200000763
20190501,08:26:47,1368,0.38,226,0.0627777777778,1129,347,782,12,FLAO,FLAOTT,14.9200000763
20190501,08:49:43,4253,1.18138888889,3778,1.04944444444,354,289,64,120,FLAO,FLAOTT,14.9200000763
20190501,10:00:40,1551,0.430833333333,413,0.114722222222,1138,289,848,0,FLAO,FLAOTT,14.4200000763
20190501,10:26:36,4095,1.1375,3511,0.975277777778,354,300,54,228,FLAO,FLAOTT,14.4200000763
20190502,05:13:05,1274,0.353888888889,157,0.0436111111111,1096,217,878,20,FLAO,FLAOTT,14.0500001907
20190505,03:23:54,662,0.183888888889,235,0.0652777777778,427,298,128,0,FLAO,FLAOAO,8.10999965668
20190505,03:46:29,921,0.255833333333,516,0.143333333333,405,315,90,0,FLAO,FLAOAO,8.10999965668
20190505,09:32:18,3923,1.08972222222,2934,0.815,608,248,360,379,FLAO,FLAOTT,10.7600002289
20190518,02:24:33,3774,1.04833333333,842,0.233888888889,2898,337,2560,33,LBTI,FLAOAO,2.36999988556
20190518,03:28:27,3036,0.843333333333,2660,0.738888888889,376,91,284,0,LBTI,FLAOAO,4.88000011444
20190518,04:19:19,8037,2.2325,7641,2.1225,396,301,95,0,LBTI,FLAOAO,6.80000019073
20190518,06:33:37,1126,0.312777777778,885,0.245833333333,241,82,158,0,LBTI,FLAOAO,4.88000011444
20190518,07:04:47,8826,2.45166666667,8088,2.24666666667,593,253,339,144,LBTI,FLAOAO,3.0
20190518,09:34:52,5779,1.60527777778,4660,1.29444444444,585,135,449,532,LBTI,FLAOAO,6.84999990463
20190518,11:13:35,2450,0.680555555556,1907,0.529722222222,170,121,49,372,LBTI,FLAOAO,5.86000013351
20190519,03:11:24,701,0.194722222222,516,0.143333333333,114,56,58,71,LBTI,FLAOAO,1.39999997616
20190519,03:23:25,7450,2.06944444444,6682,1.85611111111,353,119,234,415,LBTI,FLAOAO,7.88999986649
20190519,05:34:38,1266,0.351666666667,981,0.2725,285,117,168,0,LBTI,FLAOAO,4.05000019073
20190519,06:00:17,4000,1.11111111111,3621,1.00583333333,287,154,133,90,LBTI,FLAOAO,4.05000019073
20190519,07:15:23,4444,1.23444444444,3733,1.03694444444,320,132,187,390,LBTI,FLAOAO,6.84999990463
20190519,08:29:49,4532,1.25888888889,4008,1.11333333333,171,110,61,352,LBTI,FLAOAO,5.86000013351
20190912,05:58:52,5562,1.545,2715,0.754166666667,2528,35,2493,318,LBTI,FLAOAO,2.42000007629
20190912,07:55:58,3345,0.929166666667,2541,0.705833333333,361,22,338,442,LBTI,FLAOAO,2.42000007629
20190912,08:51:47,3979,1.10527777778,3689,1.02472222222,59,47,12,230,LBTI,FLAOAO,2.42000007629
20190917,09:47:53,3035,0.843055555556,613,0.170277777778,2404,118,2285,17,LBTI,FLAOAO,2.11999988556
20190917,10:47:39,3832,1.06444444444,2860,0.794444444444,606,171,434,365,LBTI,FLAOAO,6.73000001907
20190917,11:53:43,2945,0.818055555556,2038,0.566111111111,789,43,746,117,LBTI,FLAOAO,0.0799999982119
20190918,01:47:54,2672,0.742222222222,511,0.141944444444,2141,42,2099,18,LBTI,FLAOAO,0.0299999993294
20190918,02:55:26,4481,1.24472222222,3880,1.07777777778,364,114,250,236,LBTI,FLAOAO,12.0
20190918,04:10:26,2374,0.659444444444,1931,0.536388888889,249,96,153,192,LBTI,FLAOAO,10.279999733
20190918,04:52:50,1049,0.291388888889,894,0.248333333333,155,72,82,0,LBTI,FLAOAO,4.90000009537
20190918,05:11:29,1437,0.399166666667,1334,0.370555555556,102,60,42,0,LBTI,FLAOAO,4.90000009537
20190918,05:39:35,7314,2.03166666667,7020,1.95,190,76,114,103,LBTI,FLAOAO,5.94999980927
20190918,07:42:28,4624,1.28444444444,3932,1.09222222222,277,72,205,414,LBTI,FLAOAO,5.23999977112
20190918,09:06:04,17315,4.80972222222,16861,4.68361111111,168,78,89,285,LBTI,FLAOAO,12.0
20190919,03:11:23,2084,0.578888888889,272,0.0755555555556,1753,39,1713,59,LBTI,FLAOAO,1.25
20190919,03:46:38,1581,0.439166666667,1274,0.353888888889,269,89,180,37,LBTI,FLAOAO,4.90000009537
20190919,04:13:48,2930,0.813888888889,2504,0.695555555556,287,73,213,138,LBTI,FLAOAO,6.84999990463
20190919,05:07:01,2344,0.651111111111,1841,0.511388888889,430,100,329,71,LBTI,FLAOAO,6.84999990463
20190919,05:46:40,1846,0.512777777778,1268,0.352222222222,333,80,252,243,LBTI,FLAOAO,7.32000017166
20190919,06:22:57,240,0.0666666666667,118,0.0327777777778,121,83,38,0,LBTI,FLAOAO,7.32000017166
20190919,06:27:25,1435,0.398611111111,938,0.260555555556,446,77,368,50,LBTI,FLAOAO,2.48000001907
20190919,06:54:53,2162,0.600555555556,1828,0.507777777778,176,124,51,157,LBTI,FLAOAO,2.48000001907
20190919,08:14:31,2763,0.7675,2254,0.626111111111,347,76,271,161,LBTI,FLAOAO,2.00999999046
20190919,09:06:39,10479,2.91083333333,9132,2.53666666667,139,85,53,1207,LBTI,FLAOAO,12.0
20190919,12:01:53,1480,0.411111111111,1105,0.306944444444,164,65,99,210,LBTI,FLAOAO,7.30000019073
20190920,02:44:04,1795,0.498611111111,506,0.140555555556,1242,333,909,46,LBTI,FLAOAO,1.25
20190920,03:14:37,3379,0.938611111111,2920,0.811111111111,212,102,109,245,LBTI,FLAOAO,6.84999990463
20190920,04:11:11,2205,0.6125,1916,0.532222222222,132,72,59,156,LBTI,FLAOAO,5.86000013351
20190920,04:48:09,1274,0.353888888889,1049,0.291388888889,114,73,40,111,LBTI,FLAOAO,6.84999990463
20190920,05:11:34,4603,1.27861111111,4057,1.12694444444,322,76,245,223,LBTI,FLAOAO,5.94999980927
20190920,06:28:22,6087,1.69083333333,5719,1.58861111111,164,100,64,203,LBTI,FLAOAO,5.94999980927
20190920,08:10:15,1672,0.464444444444,1521,0.4225,151,77,73,0,LBTI,FLAOAO,4.90000009537
20190920,08:38:26,3249,0.9025,2783,0.773055555556,348,60,288,116,LBTI,FLAOAO,0.0799999982119
20190920,09:33:10,10875,3.02083333333,9797,2.72138888889,552,87,465,526,LBTI,FLAOAO,5.23999977112
20190921,02:14:22,5703,1.58416666667,5123,1.42305555556,244,45,198,336,LBTI,FLAOAO,6.84999990463
20190921,03:49:44,3415,0.948611111111,2989,0.830277777778,137,72,65,287,LBTI,FLAOAO,5.86000013351
20190921,04:46:55,3057,0.849166666667,2745,0.7625,132,70,62,179,LBTI,FLAOAO,6.84999990463
20190921,05:39:18,3621,1.00583333333,3184,0.884444444444,125,74,50,311,LBTI,FLAOAO,6.84999990463
20190921,06:39:55,1358,0.377222222222,1104,0.306666666667,143,74,68,110,LBTI,FLAOAO,5.86000013351
20190928,17:19:41,756,0.21,399,0.110833333333,356,271,85,0,FLAO,FLAOAO,9.0
20190928,17:39:24,875,0.243055555556,300,0.0833333333333,574,326,247,0,FLAO,FLAOTT,9.0
20190930,01:34:31,976,0.271111111111,371,0.103055555556,442,302,140,162,FLAO,FLAOTT,7.59999990463
20190930,05:56:16,5060,1.40555555556,4465,1.24027777778,441,247,193,153,FLAO,FLAOTT,15.9799995422
20191003,01:45:00,786,0.218333333333,367,0.101944444444,408,283,125,10,FLAO,FLAOAO,7.59999990463
20191014,12:04:13,460,0.127777777778,47,0.0130555555556,412,288,124,0,FLAO,FLAOTT,10.9300003052
20191014,12:12:02,532,0.147777777778,247,0.0686111111111,284,175,109,0,FLAO,FLAOTT,10.9300003052
20191014,12:20:58,2043,0.5675,1691,0.469722222222,216,176,40,135,FLAO,FLAOTT,10.9300003052
20191016,06:58:51,1350,0.375,755,0.209722222222,434,276,158,160,FLAO,FLAOTT,15.5
20191016,12:09:37,2369,0.658055555556,1091,0.303055555556,819,332,486,459,FLAO,FLAOAO,7.59999990463
20191017,01:15:18,627,0.174166666667,185,0.0513888888889,370,339,30,71,FLAO,FLAOAO,7.57999992371
20191107,12:04:17,3663,1.0175,2947,0.818611111111,368,283,85,347,FLAO,FLAOTT,12.2700004578
20191108,11:17:36,3625,1.00694444444,3022,0.839444444444,323,263,60,278,FLAO,FLAOTT,12.2700004578
20191108,12:26:46,2715,0.754166666667,2217,0.615833333333,319,258,60,178,FLAO,FLAOTT,12.2700004578
20191112,01:09:29,3695,1.02638888889,2743,0.761944444444,925,144,781,26,LBTI,FLAOAO,4.90000009537
20191112,02:19:26,6399,1.7775,6134,1.70388888889,264,69,195,0,LBTI,FLAOAO,5.94999980927
20191112,06:03:56,2200,0.611111111111,1764,0.49,436,97,338,0,LBTI,FLAOAO,4.57999992371
20191113,03:04:43,1278,0.355,626,0.173888888889,595,289,306,55,FLAO,FLAOAO,4.96000003815
20191113,03:33:29,2734,0.759444444444,2077,0.576944444444,458,263,195,199,FLAO,FLAOAO,4.92999982834
20191113,04:24:28,3337,0.926944444444,2584,0.717777777778,331,301,30,421,FLAO,FLAOAO,5.80999994278
20191113,05:24:18,2232,0.62,1517,0.421388888889,512,279,233,202,FLAO,FLAOAO,6.40999984741
20191113,06:10:12,3158,0.877222222222,2381,0.661388888889,411,306,105,365,FLAO,FLAOAO,4.71999979019
20191207,04:35:56,3896,1.08222222222,3351,0.930833333333,520,58,462,25,LBTI,FLAOAO,2.09999990463
20191207,05:41:40,5526,1.535,5053,1.40361111111,472,26,446,0,LBTI,FLAOAO,8.76000022888
20200102,05:36:49,2526,0.701666666667,2040,0.566666666667,476,36,440,9,LBTI,FLAOAO,1.63999998569
20200102,06:19:46,3136,0.871111111111,2751,0.764166666667,384,285,99,0,LBTI,FLAOAO,1.63999998569
20200102,07:14:25,1697,0.471388888889,920,0.255555555556,776,109,666,0,LBTI,FLAOAO,7.48000001907
20200103,07:17:35,9028,2.50777777778,6919,1.92194444444,2057,1673,384,51,LBTI,FLAOAO,0.370000004768
20200103,10:46:27,4702,1.30611111111,4070,1.13055555556,456,244,211,176,LBTI,FLAOAO,1.39999997616
20200104,11:36:20,9032,2.50888888889,7833,2.17583333333,939,574,365,259,LBTI,FLAOAO,2.13000011444
20200105,10:22:40,10381,2.88361111111,8450,2.34722222222,1545,30,1514,385,LBTI,FLAOAO,2.52999997139
20200106,09:23:42,3032,0.842222222222,2134,0.592777777778,749,339,410,148,LBTI,FLAOAO,2.13000011444
20200106,10:16:04,1004,0.278888888889,511,0.141944444444,312,259,53,179,LBTI,FLAOAO,2.52999997139
20200106,10:33:17,7515,2.0875,6662,1.85055555556,341,335,6,510,LBTI,FLAOAO,2.52999997139
20200106,12:40:34,1336,0.371111111111,1001,0.278055555556,212,196,16,122,LBTI,FLAOAO,2.52999997139
20200106,13:03:39,500,0.138888888889,284,0.0788888888889,215,75,140,0,LBTI,FLAOAO,4.96999979019
20200106,13:20:03,2835,0.7875,2697,0.749166666667,137,112,25,0,LBTI,FLAOAO,4.96999979019
20200108,01:06:18,778,0.216111111111,195,0.0541666666667,571,37,533,11,LBTI,FLAOAO,2.00999999046
